phase,config_id,epoch,loss_total,loss_patch,loss_context,patch_pos_mean,patch_neg_mean,context_pos_mean,context_neg_mean,grad_norm,batch_count,learning_rate,epoch_runtime_sec
search,0,1,0.692733572287993,0.6926867853511464,0.6931548633358695,0.49946509301662445,0.4987262392585928,0.5034051266583529,0.5031410645354878,0.0472652482004346,22,0.001,0.1290147999970941
search,0,2,0.6842507882551714,0.684266675602306,0.684107934886759,0.50905057516965,0.4996624412861737,0.5101599530740217,0.5005785281007941,0.05419880862755743,22,0.001,0.11976190000132192
search,0,3,0.6692403690381483,0.6693030351942236,0.6686764711683447,0.5149107277393341,0.489406637170098,0.5155891261317513,0.4893651862036098,0.07568489093776075,22,0.001,0.11483160000352655
search,0,4,0.635293879292228,0.6360887749628588,0.6281399401751432,0.5325461598959836,0.4682165357199582,0.5360515144738284,0.4615504077889703,0.11173261752541232,22,0.001,0.1197968999913428
search,0,5,0.573322905735536,0.5744903439825232,0.5628160861405459,0.5748435665260662,0.4262309250506488,0.5862324319102548,0.41657871820709924,0.15907286213775365,22,0.001,0.13334129999566358
search,0,6,0.5100181671706113,0.5109478059140119,0.5016514794393019,0.6221036260778253,0.3682412843812596,0.6297877078706567,0.36211438747969543,0.2131634128923108,22,0.001,0.1375654999865219
search,0,7,0.4583913575519215,0.45919581164013257,0.4511514102870768,0.6641564802689985,0.3349474370479584,0.6646806787360798,0.3269070061770352,0.23995088707387457,22,0.001,0.11822780000511557
search,0,8,0.4089920331131328,0.4107584723017432,0.3930942009795796,0.6981403041969646,0.29854302921078424,0.7054210549051111,0.2877939241853627,0.24679677934697988,22,0.001,0.12438059999840334
search,0,9,0.3786565119569952,0.3803441510959105,0.36346785859628156,0.7139982174743306,0.273490500043739,0.729856935414401,0.2590582147240639,0.2614941308881654,22,0.001,0.12356710000312887
search,0,10,0.3442165526476773,0.34594114260240033,0.32869529859586194,0.7410268756476316,0.2525014647028663,0.7532569142905149,0.23433662205934525,0.25995765170269974,22,0.001,0.11914739999338053
search,1,1,0.6929205276749351,0.6926867203278975,0.6931543187661604,0.49946179308674554,0.49872287836941803,0.5034067657860842,0.5031422241167589,0.03596254041315112,22,0.001,0.12044300000707153
search,1,2,0.684187344529412,0.6842681873928417,0.6841064962473783,0.509062184528871,0.4996750883080743,0.5101386146111921,0.500556848265908,0.041383221469213756,22,0.001,0.1233522999973502
search,1,3,0.6689927523786371,0.6693056388334795,0.668679882179607,0.51491363752972,0.48941339416937396,0.5155890882015228,0.4893705899065191,0.05892236777228382,22,0.001,0.11777660000370815
search,1,4,0.6320825219154358,0.6361142830415205,0.6280507689172571,0.5325192782011899,0.4682226208123294,0.5360820293426514,0.46147981963374396,0.08980857027232265,22,0.001,0.12055020000843797
search,1,5,0.5685863386500966,0.5744917880405079,0.5626808838410811,0.5748200606216084,0.42620929262854834,0.5863623537800529,0.41651605611497705,0.12956876210648804,22,0.001,0.1169915999926161
search,1,6,0.5061784914948724,0.5108289474790747,0.5015280273827639,0.6221275383775885,0.3681643618778749,0.6298525523055684,0.36193079027262604,0.17077287052979961,22,0.001,0.11761400000250433
search,1,7,0.4550483985380693,0.4590647735378959,0.4510320248928937,0.6642003005201166,0.3347935378551483,0.6648462496020577,0.3268572593277151,0.1852260555153869,22,0.001,0.127092900002026
search,1,8,0.4018493484367024,0.41057858006520703,0.3931201140988957,0.6982359019192782,0.2983623350208456,0.7055205404758453,0.2877438244494525,0.19230396809563394,22,0.001,0.1178148000035435
search,1,9,0.37200292673977936,0.38053999028422614,0.3634658604860306,0.7142271562056108,0.2737013176083565,0.7298351146958091,0.259020944210616,0.20806833625907994,22,0.001,0.14305899999453686
search,1,10,0.33732775260101666,0.34598615630106494,0.3286693461916663,0.7411018691279672,0.25258413228121673,0.7532423626292836,0.2343147857622667,0.20866462840150418,22,0.001,0.11431220000667963
search,2,1,0.6930609182877974,0.692687061699954,0.693154364824295,0.4994599155404351,0.4987213191660968,0.5034062157977711,0.5031417526982047,0.04091214928178939,22,0.001,0.13053919999219943
search,2,2,0.6841391623020172,0.6842699484391646,0.6841064366427335,0.5090613771568645,0.49967617067423736,0.5101407820528204,0.5005589967424219,0.047232925719260625,22,0.001,0.11917639999592211
search,2,3,0.6688025214455344,0.6693116751584139,0.6686752059242942,0.5149430551312186,0.48944831029935315,0.5155890800736167,0.48936467143622314,0.06851396474683401,22,0.001,0.11973700000089593
search,2,4,0.6296645131978121,0.6361496367237784,0.6280432072552767,0.5324868884953585,0.46823287958448584,0.5360974588177421,0.46148464625531976,0.10735748789187882,22,0.001,0.11833640000259038
search,2,5,0.5650790740143169,0.5745790194381367,0.5627040808851068,0.5747574784538962,0.4262796369465915,0.5863495848395608,0.4165455102920532,0.15642624823194376,22,0.001,0.11933699999644887
search,2,6,0.5033938004211946,0.5109031823548403,0.5015164478258654,0.6220337504690344,0.36821501498872583,0.6298497129570354,0.36195540157231415,0.20322135625055673,22,0.001,0.1180921000050148
search,2,7,0.4526947641914541,0.4591181359507821,0.4510889148170298,0.664232077923688,0.33496532115069305,0.6647601154717532,0.3268546705896204,0.21311323824905387,22,0.001,0.119369199994253
search,2,8,0.39656933464787225,0.41046744178641925,0.39309479838067835,0.6982763003219258,0.29838770627975464,0.7055412530899048,0.2877424874088981,0.22321482883945423,22,0.001,0.14168139999674167
search,2,9,0.36690114032138477,0.38048520955172455,0.36350511420856824,0.7142313718795776,0.27372909066351975,0.7297828278758309,0.25897476280277426,0.24520489925843386,22,0.001,0.1259758999949554
search,2,10,0.3320145999843424,0.3458183732899753,0.3285636454820633,0.7411431182514537,0.25243581357327377,0.7532929317517714,0.23432810333642093,0.24879931174740832,22,0.001,0.12205900000117254
search,3,1,0.6923405636440624,0.6923236440528523,0.6924929618835449,0.5007642074064775,0.4996696954423731,0.5042634172873064,0.5033091415058483,0.0447123619622246,22,0.001,0.15087929999572225
search,3,2,0.6832111044363542,0.6833961308002472,0.6815460053357211,0.5103720670396631,0.5000015294009988,0.5114099762656472,0.4991124895485965,0.05404409788609687,22,0.001,0.14858209999511018
search,3,3,0.664867103099823,0.6658300107175653,0.6562009724703702,0.5157640522176569,0.4862448816949671,0.5212923938577826,0.4804582799022848,0.07856605244866639,22,0.001,0.1465817000134848
search,3,4,0.6183547946539792,0.6216052770614624,0.5891006019982424,0.5407216928221963,0.45785472609780054,0.5616389106620442,0.4325516007163308,0.12117568988157706,22,0.001,0.17027380000217818
search,3,5,0.5466058918020942,0.5507005913691088,0.5097536810419776,0.5916315317153931,0.40682048960165546,0.6266622380776838,0.36993028900840064,0.17194724209824622,22,0.001,0.15358549999655224
search,3,6,0.48471952839331195,0.48874758319421246,0.44846714491193945,0.6346329829909585,0.3504282940517772,0.6734275113452565,0.32166673784906213,0.21457176284395477,22,0.001,0.15487189999839757
search,3,7,0.4407310336828232,0.4441971643404527,0.4095359485257756,0.6761850904334675,0.3205519386313178,0.7023308846083555,0.2897080304947766,0.2463118915316134,22,0.001,0.15526250000402797
search,3,8,0.39032392610203137,0.3930964876304973,0.36537097665396606,0.7068268819288774,0.28157365593043243,0.7319736372340809,0.2601991587064483,0.24536339947210256,22,0.001,0.15173589999903925
search,3,9,0.36263149976730347,0.36501459777355194,0.34118372337384656,0.7295229814269326,0.2597768923098391,0.7468551749532873,0.23545620319518176,0.26788752176626357,22,0.001,0.15324759999930393
search,3,10,0.33793090148405597,0.3406629887494174,0.3133421553806825,0.7463784353299574,0.24033685164018112,0.7740831456401132,0.2235518456860022,0.2754954108112465,22,0.001,0.14870959999097977
search,4,1,0.6924084424972534,0.6923241669481451,0.6924927180463617,0.5007676549933173,0.4996736781163649,0.5042566115205939,0.5033023194833235,0.03491425281222226,22,0.001,0.14928810000128578
search,4,2,0.6824714243412018,0.6834000890905206,0.6815427595918829,0.510393581607125,0.500026902014559,0.5114497298544104,0.49914737181230023,0.04277796188734834,22,0.001,0.14747840000200085
search,4,3,0.6610242020000111,0.6658398021351207,0.6562085964462974,0.515754529021003,0.4862491217526523,0.5212960514155301,0.4804693270813335,0.06668605290655373,22,0.001,0.14245280000614002
search,4,4,0.6053376522931185,0.6215927790511738,0.5890825363722715,0.540708371184089,0.45783782547170465,0.5616129040718079,0.4325132139704444,0.1058284056989434,22,0.001,0.1498245999973733
search,4,5,0.5302447324449365,0.5507134673270312,0.5097759934988889,0.5916737534783103,0.4068476611917669,0.6266984695738013,0.3699285780841654,0.15064517136006436,22,0.001,0.1668504999979632
search,4,6,0.46861221167174255,0.48885461688041687,0.44836980917237024,0.634579371322285,0.35051319951360876,0.6734264709732749,0.3216017498211427,0.1822126627168128,22,0.001,0.14560279999568593
search,4,7,0.42686841704628686,0.44422439688986,0.4095124304294586,0.676157379692251,0.3205847902731462,0.7023537727919492,0.2897444841536609,0.19704127270433042,22,0.001,0.14860119999502786
search,4,8,0.3792901025577025,0.3931638164953752,0.36541639268398285,0.7067339420318604,0.28161411393772473,0.7320002669637854,0.26022434437816794,0.2012400132811478,22,0.001,0.14979179999500047
search,4,9,0.35303776508027856,0.36495029113509436,0.34112524579871784,0.7293099354613911,0.25959423048929736,0.7469630729068409,0.23546077649701724,0.21568652123304127,22,0.001,0.15979459999653045
search,4,10,0.32701150666583667,0.34075716679746454,0.31326585059816187,0.7464578666470267,0.24042626538059927,0.7740697806531732,0.22348100692033768,0.22070807856125604,22,0.001,0.15163290000054985
search,5,1,0.6924589493057944,0.6923232837156816,0.6924928480928595,0.5007725669579073,0.49967770278453827,0.5042557499625466,0.5033016340299086,0.040698822508170404,22,0.001,0.1520565999962855
search,5,2,0.6819144975055348,0.6834019476717169,0.681542610580271,0.5103869248520244,0.5000218694860284,0.5114513391798193,0.49914888495748694,0.05046939079920378,22,0.001,0.168125099997269
search,5,3,0.6581445092504675,0.6658402356234464,0.656220558014783,0.5157776529138739,0.48627150736071845,0.5212744366038929,0.48046311058781366,0.08294814116245536,22,0.001,0.1495003000018187
search,5,4,0.5956027507781982,0.6216150495139036,0.5890996618704363,0.5406834103844382,0.45784619450569153,0.5616208612918854,0.4325348748402162,0.13410347277152354,22,0.001,0.14957239999785088
search,5,5,0.5179422172633085,0.5507695038210262,0.5097353959625418,0.59164959192276,0.4069042991508137,0.6266773424365304,0.36992171000350604,0.19093348064147228,22,0.001,0.14724629999545868
search,5,6,0.4564783369952982,0.4889306222850626,0.4483652561903,0.6345276426185261,0.3505670428276062,0.6734756339680065,0.32159894569353625,0.22633334323262133,22,0.001,0.15328179999778513
search,5,7,0.41636131568388507,0.44427031820470636,0.40938405150716956,0.676057138226249,0.3205812614072453,0.7024531662464142,0.28963147374716675,0.23333174752193123,22,0.001,0.15377270001044963
search,5,8,0.37088013372638007,0.39305931329727173,0.36533532630313525,0.7067811272361062,0.281603415581313,0.7319589528170499,0.26012350754304364,0.24326676133300618,22,0.001,0.14913910000177566
search,5,9,0.34588344530625775,0.36500637233257294,0.34110270711508667,0.7293173508210615,0.25966458361257205,0.747005126693032,0.23547353798692877,0.2579925202241379,22,0.001,0.16013079999538604
search,5,10,0.3187484416094693,0.3407384184273807,0.3132509399544109,0.7464465905319561,0.24043951657685367,0.7740543972362172,0.22343143414367328,0.2600396836178965,22,0.001,0.1575589999993099
final_evaluation,final,1,0.692733572287993,0.6926867853511464,0.6931548633358695,0.49946509301662445,0.4987262392585928,0.5034051266583529,0.5031410645354878,0.0472652482004346,22,0.001,0.12196219999168534
final_evaluation,final,2,0.6842507882551714,0.684266675602306,0.684107934886759,0.50905057516965,0.4996624412861737,0.5101599530740217,0.5005785281007941,0.05419880862755743,22,0.001,0.12050050000834744
final_evaluation,final,3,0.6692403690381483,0.6693030351942236,0.6686764711683447,0.5149107277393341,0.489406637170098,0.5155891261317513,0.4893651862036098,0.07568489093776075,22,0.001,0.14849880000110716
final_evaluation,final,4,0.635293879292228,0.6360887749628588,0.6281399401751432,0.5325461598959836,0.4682165357199582,0.5360515144738284,0.4615504077889703,0.11173261752541232,22,0.001,0.1157563000015216
final_evaluation,final,5,0.573322905735536,0.5744903439825232,0.5628160861405459,0.5748435665260662,0.4262309250506488,0.5862324319102548,0.41657871820709924,0.15907286213775365,22,0.001,0.11589370000001509
final_evaluation,final,6,0.5100181671706113,0.5109478059140119,0.5016514794393019,0.6221036260778253,0.3682412843812596,0.6297877078706567,0.36211438747969543,0.2131634128923108,22,0.001,0.1384771000011824
final_evaluation,final,7,0.4583913575519215,0.45919581164013257,0.4511514102870768,0.6641564802689985,0.3349474370479584,0.6646806787360798,0.3269070061770352,0.23995088707387457,22,0.001,0.1282570999901509
final_evaluation,final,8,0.4089920331131328,0.4107584723017432,0.3930942009795796,0.6981403041969646,0.29854302921078424,0.7054210549051111,0.2877939241853627,0.24679677934697988,22,0.001,0.12210370000684634
final_evaluation,final,9,0.3786565119569952,0.3803441510959105,0.36346785859628156,0.7139982174743306,0.273490500043739,0.729856935414401,0.2590582147240639,0.2614941308881654,22,0.001,0.11385900000459515
final_evaluation,final,10,0.3442165526476773,0.34594114260240033,0.32869529859586194,0.7410268756476316,0.2525014647028663,0.7532569142905149,0.23433662205934525,0.25995765170269974,22,0.001,0.11879399999452289
