node_id,score,label,rank
1506,0.7526627632809526,0,1
1927,0.6346431946770332,0,2
1332,0.6290352266062774,0,3
2132,0.5997810339332089,1,4
1670,0.59772804246894,1,5
799,0.5801784483021727,1,6
2634,0.5601440975202079,1,7
703,0.5572748966051322,1,8
1446,0.519933564305723,1,9
367,0.49618207453749114,1,10
334,0.4935093751964504,0,11
2519,0.48703494487930393,1,12
376,0.465897233398744,1,13
724,0.44670632340141525,0,14
1392,0.4455505555339842,0,15
1818,0.44278468734517473,0,16
2136,0.4421644293856696,1,17
1124,0.4347709073868009,0,18
935,0.4347158301293018,1,19
962,0.43403573448969546,1,20
1307,0.4305814641363152,0,21
1276,0.4160377342619027,1,22
583,0.41519643039834236,1,23
867,0.4146533866249772,1,24
1748,0.41270115080570746,1,25
2571,0.41221207764998397,1,26
1002,0.4114373008791024,0,27
1479,0.4053074193829443,0,28
2440,0.4052787804497089,0,29
826,0.40497929001470634,0,30
665,0.400605786258837,1,31
1039,0.3956613897018843,0,32
1279,0.39280706441249386,0,33
695,0.3903599915320568,0,34
1671,0.3821397383787673,1,35
2096,0.3816964188346772,0,36
2355,0.37789542755474564,1,37
1702,0.37153253575865514,1,38
551,0.3685622406172938,0,39
1405,0.366817603223686,1,40
2382,0.3657970944440918,0,41
2137,0.36516635793347724,0,42
841,0.3603205117671522,0,43
655,0.3597166078098222,0,44
2080,0.3579640319085766,0,45
2083,0.3571215969059079,0,46
1653,0.35308840766849814,1,47
1921,0.3522372065754372,0,48
640,0.35183009876985677,0,49
2371,0.3507969398848264,0,50
1433,0.3491578452804257,1,51
5,0.34765031284890835,0,52
2468,0.3464863672659486,1,53
1444,0.3458305923863584,1,54
2558,0.3380882955566441,0,55
1871,0.33637304156212816,0,56
1984,0.3334623295517702,0,57
2313,0.33109846657038755,0,58
1445,0.33097361627117095,0,59
1914,0.3260162254230463,0,60
975,0.3197051837063786,1,61
755,0.31782988559210285,0,62
1572,0.31309785483840175,0,63
2008,0.31238139722003605,0,64
481,0.3106102068132589,0,65
89,0.3064600951761516,0,66
2405,0.3047918247958966,0,67
643,0.30369761464741685,1,68
1610,0.2954312644894077,0,69
1421,0.2913953717822053,0,70
2228,0.29104363613832546,0,71
2152,0.2902574276481717,0,72
203,0.28550705702670265,0,73
603,0.28309604505262165,0,74
318,0.282728947732214,0,75
1026,0.28264670880494974,0,76
2011,0.28213626555547733,0,77
879,0.28202759374776865,1,78
486,0.2817779782413511,0,79
952,0.28140483955474016,0,80
2476,0.2808726160792003,1,81
387,0.27452842261275334,0,82
2183,0.27340644035728157,1,83
626,0.27291660409586915,0,84
2272,0.27022081267713227,0,85
20,0.26908112082528945,1,86
669,0.26793711081373783,1,87
802,0.2644558778095751,0,88
2055,0.2642967458959076,0,89
1096,0.26402417900886044,0,90
2344,0.26224366826153245,0,91
361,0.2618184660622535,1,92
0,0.25960430931821005,1,93
432,0.2595461095659228,0,94
1143,0.2560118805258062,1,95
850,0.254962668089782,0,96
1733,0.2545965791018444,0,97
1347,0.2541047547217787,0,98
465,0.25090139578737214,0,99
1855,0.2502034742691168,0,100
1526,0.24929491551519126,1,101
220,0.24485701265452972,1,102
1913,0.24477970381959668,0,103
1729,0.24462270448156914,0,104
160,0.2441750597368062,0,105
2224,0.24280831276279247,0,106
1270,0.24083296283784678,1,107
1790,0.2399547433272248,0,108
2140,0.23915567592011133,0,109
2424,0.23894816960609894,1,110
1895,0.23804515698437495,1,111
441,0.23597337298064802,0,112
804,0.2312584100889907,1,113
766,0.2305811736054738,0,114
1004,0.22899462394401116,0,115
2375,0.22692934985738564,0,116
2364,0.226746559253807,0,117
172,0.2267156712863136,1,118
1994,0.22286292603356309,1,119
111,0.2222881315078991,0,120
756,0.22176303228716063,0,121
45,0.22145859997526396,0,122
2546,0.22137017129188363,0,123
921,0.22129491141399013,0,124
1451,0.22092949002976497,1,125
681,0.21862530716050446,1,126
1484,0.21860937233469652,0,127
948,0.21830264600840604,0,128
2293,0.21811331180942056,0,129
1824,0.2177583080755348,0,130
1857,0.21658498813775295,0,131
479,0.2156705207378341,1,132
1262,0.21520893296281493,0,133
1717,0.213621907797039,0,134
150,0.21333128492948852,1,135
894,0.2120765998842915,1,136
1217,0.20998117043419778,0,137
872,0.20911193605766779,0,138
767,0.20881410128172412,0,139
1976,0.2079931319486243,0,140
836,0.2044684216238677,0,141
147,0.20362868214276486,0,142
2052,0.20325912733494125,0,143
510,0.2024127651086236,0,144
2195,0.20211631598534857,0,145
610,0.20176039639004764,0,146
279,0.2015042217518515,1,147
44,0.20014619263688874,0,148
277,0.19839400880065683,0,149
2189,0.19817628658321781,0,150
2631,0.19705244692803756,0,151
2143,0.19668506170653205,1,152
871,0.19663900589000866,0,153
1854,0.1961107569865926,1,154
1931,0.19495314863166965,0,155
1867,0.19469999689630108,0,156
1957,0.1945755403272102,0,157
1194,0.1935914205205424,0,158
162,0.19355601886789758,0,159
1813,0.19247497368454444,0,160
1282,0.19221164720534753,1,161
968,0.19202001304132818,1,162
1965,0.19164035942624713,1,163
414,0.19150994840633978,1,164
304,0.19148445312265625,0,165
2353,0.19145325306541863,1,166
2304,0.19015111499559242,1,167
2048,0.18893105701031337,0,168
1474,0.18522870341411893,0,169
2024,0.1806317543089192,1,170
1355,0.17920050917406724,0,171
2463,0.1788931951096716,0,172
1065,0.17863957380014364,0,173
973,0.17851378235957596,0,174
783,0.17273075801741145,1,175
1868,0.1709237431690886,0,176
1157,0.17078557767091873,0,177
1523,0.17033853756510145,0,178
1286,0.16910270872663372,1,179
1358,0.1679271080380522,0,180
1728,0.16730016348563193,0,181
1367,0.16725720324836468,0,182
2187,0.16685010457303737,0,183
2347,0.16675429288925014,0,184
2676,0.16504944846673308,0,185
1801,0.16421184984515386,0,186
2300,0.16364306479781626,1,187
493,0.1629001864525313,0,188
176,0.16168418606710397,0,189
314,0.16138916775213086,0,190
2159,0.1610947705660175,0,191
2226,0.1606619373269048,0,192
2517,0.15826348934767076,0,193
109,0.15798283401833796,0,194
1213,0.15689072670477686,1,195
1701,0.15678506339610784,0,196
1876,0.1565457998288451,0,197
1557,0.1562924616562455,0,198
1197,0.15568825817383927,0,199
930,0.1548216678413989,0,200
159,0.1547566146228891,0,201
2399,0.15432352513175454,1,202
790,0.15359533684971785,0,203
2339,0.15313598690023716,0,204
817,0.15283169722634896,0,205
2130,0.15217408215400768,0,206
1907,0.15208785097832012,0,207
860,0.1513643984006646,0,208
1986,0.14943873590273019,0,209
859,0.14837981683706647,0,210
2038,0.14828413499180093,1,211
316,0.1465015017130606,0,212
1948,0.14592180606003935,0,213
2177,0.14547270929119113,0,214
1382,0.14472976250698646,0,215
2590,0.14420093771674272,0,216
994,0.14324353228912504,0,217
1131,0.14117246006645234,0,218
590,0.1402932909623424,0,219
2585,0.1397599640808717,1,220
552,0.13966504286094464,0,221
299,0.1391140571531277,0,222
1219,0.1377049295497082,0,223
1898,0.13767641396248037,0,224
206,0.13709958760515603,0,225
740,0.13627333106946396,0,226
2465,0.13613306974214923,0,227
1239,0.13577774831098147,0,228
2214,0.13539560565490438,0,229
1267,0.13524741290943176,0,230
2607,0.13406859799077,0,231
14,0.13370568550230996,0,232
1681,0.13353295367803333,0,233
554,0.13266923730447183,0,234
1592,0.1324220889324281,0,235
958,0.13210848055871538,0,236
2623,0.1320319465776963,1,237
2655,0.13179910621858074,0,238
382,0.13087926786965035,0,239
151,0.1304374217550428,0,240
1873,0.13026058194415793,0,241
1983,0.1298882889708195,0,242
1222,0.12915422415033329,1,243
1804,0.12892613626236404,0,244
350,0.12804650634918527,0,245
130,0.12803375432948844,0,246
2090,0.12774670721816983,0,247
297,0.12611278951122834,0,248
684,0.12555665632941143,1,249
1577,0.1253870617293688,1,250
1798,0.12509768202353322,0,251
578,0.12493582116274825,0,252
124,0.12304818182246333,0,253
2175,0.1229838371677069,0,254
407,0.1227546714148979,0,255
1035,0.12173093733748996,1,256
505,0.12124065136112512,0,257
2413,0.12103947437732593,0,258
261,0.12098072849282392,0,259
882,0.12001743635900956,0,260
1848,0.11974611289005949,0,261
1146,0.11937654460841318,0,262
2075,0.11828159511096659,0,263
38,0.11810502320296729,0,264
2221,0.11768644363946629,1,265
691,0.11761700234508603,1,266
524,0.11756430883175734,0,267
2367,0.11751331065436915,0,268
2237,0.11655001665022563,0,269
1846,0.11650497106516508,0,270
1054,0.11574070078046918,0,271
1608,0.11564926942318413,0,272
1423,0.115216317632998,1,273
1745,0.1148072668305818,0,274
2498,0.11334524994433501,0,275
567,0.11296771610747382,0,276
621,0.11235755059579494,0,277
1256,0.11117844486569892,0,278
1498,0.11107147052791795,0,279
2483,0.11058711489160067,0,280
902,0.11045931080005558,0,281
519,0.10926888607990612,0,282
1635,0.10881120439860925,0,283
757,0.10795419994816514,0,284
2068,0.10749180669323247,0,285
1086,0.1066727950761162,0,286
1088,0.10609400390827892,0,287
1547,0.10570341118271752,1,288
2407,0.10541484429883646,0,289
1029,0.10515228122682196,0,290
1768,0.1043161202893269,0,291
906,0.10290578561364346,1,292
1185,0.10169750829362577,0,293
512,0.10127784990545777,0,294
75,0.10063026779995138,0,295
2420,0.10055196126568197,0,296
2307,0.10012211926298978,0,297
1042,0.09993002163728323,0,298
1799,0.0992183482043729,0,299
2155,0.09915094892203397,0,300
2213,0.09897659787264848,0,301
1318,0.09805848154848214,0,302
667,0.09798503513739809,0,303
733,0.09728931340441446,0,304
2240,0.09697155863994507,0,305
1501,0.09676753886707073,0,306
2577,0.09646938550690362,0,307
79,0.0963310591239281,0,308
1513,0.09551240820103396,0,309
1719,0.09459385864611176,0,310
708,0.09400411139851478,0,311
292,0.0937215713231067,0,312
1422,0.09225295337524485,1,313
1910,0.09201692016200619,0,314
1926,0.09144625428246526,0,315
885,0.0904667078714678,0,316
1909,0.09007981789910888,0,317
595,0.08902180837498426,0,318
1692,0.08900481481939124,1,319
813,0.08897091055713958,0,320
1519,0.08810361511518329,0,321
2516,0.08782298878352336,0,322
423,0.08680949046555306,0,323
1837,0.086783703870758,0,324
435,0.08657005325673618,1,325
1494,0.08610228331593879,0,326
711,0.08599422810405441,0,327
506,0.0841248268480433,0,328
129,0.08402593350199952,0,329
32,0.08393252568843625,0,330
2135,0.08292744628641498,0,331
1442,0.08193325412126048,0,332
200,0.08065527866093716,0,333
1833,0.08060318339240988,0,334
2257,0.07949398727827288,0,335
683,0.07852674906962166,0,336
2178,0.0768984713236736,0,337
284,0.07469045071278851,0,338
2108,0.07441298381241385,0,339
1301,0.0737099325322878,0,340
2537,0.07354929461249995,0,341
2598,0.0734669745066666,0,342
2053,0.07325114517271536,0,343
1468,0.0720269532224231,0,344
317,0.07192180952999866,0,345
878,0.07179809829465245,0,346
1145,0.07163955714590156,0,347
1652,0.07163428035661894,0,348
1836,0.07138122676923828,1,349
967,0.07118019888053537,1,350
494,0.07016336949137283,0,351
349,0.06962566897813921,0,352
1856,0.06961802058250056,0,353
120,0.06933680577770726,0,354
76,0.06802552556661112,0,355
1742,0.06734046035506958,1,356
2386,0.06718336920647842,0,357
849,0.06643755349867057,0,358
386,0.0663865349805208,0,359
784,0.06536760709187495,0,360
274,0.06532721642123902,0,361
2160,0.06456754488777314,0,362
507,0.06420729550853273,0,363
1918,0.06344465633158572,0,364
434,0.06314976663018224,0,365
710,0.06300599332229194,0,366
26,0.06289561426494675,1,367
236,0.062334338255464944,0,368
2357,0.06221648331325551,0,369
1535,0.0615757627766013,0,370
1273,0.061228782036826926,0,371
548,0.06047712417265129,0,372
1401,0.06022382112975431,0,373
1708,0.06011788997102992,0,374
1045,0.06007560581736085,0,375
1711,0.059880835831007846,0,376
155,0.05935877970650831,0,377
1190,0.05864118551568075,0,378
659,0.05854185455524098,0,379
1183,0.05801698369032309,0,380
1174,0.05779282070649568,0,381
1070,0.05770470759379501,0,382
2078,0.056975608493140005,0,383
1908,0.055239405353934234,0,384
636,0.05471177149674936,1,385
990,0.054582535586991984,0,386
1845,0.05396818913172559,0,387
1802,0.0538050589629083,0,388
2500,0.0523914855246739,0,389
2266,0.052368023917125445,0,390
1309,0.052343125853210284,0,391
263,0.05198871000785589,0,392
1297,0.05134727390210904,0,393
530,0.050371009281073374,0,394
1141,0.04994806731533524,0,395
2100,0.04993328132775075,0,396
1882,0.04937663697274946,0,397
2431,0.04897817192889946,0,398
1812,0.04876645625831376,0,399
1999,0.04774923984776863,0,400
2091,0.04741053036590124,0,401
2295,0.04698519420469613,0,402
588,0.04680509478160335,0,403
1517,0.046514235383291545,0,404
682,0.04647047785025942,0,405
1395,0.04634615047550934,0,406
2215,0.045997139158023996,0,407
915,0.045615696806558144,0,408
2385,0.045376375132572096,0,409
2323,0.04509064625347267,0,410
1175,0.044729543844525696,0,411
831,0.04460097067359144,0,412
1053,0.044598969379058453,0,413
95,0.04455312503535484,0,414
2099,0.04448392802110339,0,415
2317,0.04378267284395847,0,416
768,0.043782127491864394,0,417
566,0.043600514678929246,0,418
1998,0.043550188067429885,0,419
866,0.04290400910985774,0,420
1924,0.04260074129427293,1,421
1929,0.042157325061171334,0,422
2459,0.042052569854009555,0,423
1659,0.04145386243543342,0,424
1975,0.04124473926012722,1,425
320,0.04088849936982402,0,426
1713,0.04070079236556579,0,427
1072,0.04049793647653155,0,428
495,0.04027704257388757,0,429
326,0.0399258348017738,1,430
208,0.039588119229467617,0,431
388,0.03880916322209873,0,432
2484,0.038633165435547165,0,433
2094,0.037464558047656575,0,434
1195,0.03744380816444043,1,435
1677,0.03731322171501764,0,436
389,0.03727955157066141,0,437
2156,0.036605334381945964,0,438
1817,0.03612502453434655,0,439
2209,0.03581962012932574,0,440
569,0.035389750267287,0,441
182,0.03445369263085839,0,442
1329,0.03439640908609381,0,443
2358,0.03343335028905324,0,444
2,0.03277814874268847,1,445
1105,0.03207593705612526,0,446
2415,0.031971024609987624,0,447
1504,0.03142308035430179,0,448
1000,0.028565654704796446,0,449
1281,0.028315406344515695,0,450
2455,0.02809852802783895,0,451
704,0.027906917431530755,1,452
2112,0.027709324636239232,0,453
2308,0.027603441387270475,0,454
1162,0.027537028782629147,0,455
1590,0.02738723762701862,0,456
477,0.027360425084554607,0,457
775,0.026993479802188462,0,458
657,0.026934871007463328,1,459
1100,0.02650680069148972,0,460
1725,0.026410302271234965,0,461
620,0.026107094746137798,0,462
1758,0.02553771174738098,0,463
121,0.025530763719049162,0,464
842,0.025432200953744395,0,465
1797,0.025226518760270954,0,466
2301,0.02497218905547148,0,467
1319,0.024725190131564184,0,468
302,0.02432195426106394,1,469
469,0.023966330608535938,0,470
1012,0.023884102602549105,0,471
1531,0.023625002662605084,0,472
2553,0.02360770728538668,0,473
2329,0.023531405560569704,0,474
1050,0.02350430339784452,0,475
743,0.02326980211251826,0,476
1235,0.023149300596805745,0,477
330,0.022792300465031372,0,478
542,0.022682691342208787,0,479
1703,0.022248547385727048,0,480
1313,0.021577075415777684,0,481
905,0.02072196494820497,0,482
2618,0.020615025853423743,0,483
2660,0.020272658576523193,0,484
2115,0.0201352732446919,0,485
498,0.019917218357648925,0,486
2009,0.019908344926070576,0,487
847,0.0199032705439419,0,488
2667,0.019768751562570585,0,489
1386,0.01934771597787602,0,490
2023,0.018902977688414795,0,491
1896,0.018790431225683576,0,492
51,0.01829330060975575,1,493
1207,0.01746283107017756,0,494
1156,0.017038928441420305,0,495
2138,0.01644885006698849,0,496
2462,0.01588399677969892,1,497
1515,0.015380958760197457,0,498
54,0.015239595855280303,0,499
984,0.01521762157682327,0,500
1710,0.014695134006835694,0,501
2066,0.014394690192785059,0,502
1951,0.01396517897299675,0,503
429,0.013632246508970634,0,504
2534,0.013594483653293337,0,505
2289,0.013565359357153722,0,506
1359,0.013455418454652864,0,507
1782,0.013293707043207148,0,508
228,0.01325694177488002,1,509
2576,0.013255207604808226,0,510
2594,0.013081441634579789,0,511
2335,0.01303320446309542,0,512
2509,0.012844735027903766,0,513
2438,0.012483995484174788,0,514
2010,0.01240629416716264,0,515
2557,0.01206400512998732,1,516
615,0.011943220433438866,0,517
789,0.0117935552039211,0,518
1810,0.011486733723310761,0,519
557,0.010811746321700727,0,520
1611,0.010475279526190834,0,521
490,0.01009123185330298,0,522
1925,0.009854326181842305,0,523
1066,0.0097529773039568,0,524
1472,0.009406279676893534,0,525
2211,0.008800039455801654,0,526
1625,0.008436665068710842,0,527
1365,0.008429251335555766,0,528
2034,0.008257408423895905,0,529
1420,0.007418368000679312,1,530
1114,0.00700851022521316,0,531
627,0.0069333022524320255,1,532
2561,0.006274219092396532,0,533
132,0.006199743633525316,0,534
196,0.005965626139478473,1,535
748,0.005709743208256263,0,536
649,0.004903169224067121,0,537
1432,0.004822140130091895,0,538
179,0.004446923955078277,0,539
1172,0.004023094179349115,1,540
68,0.003915190609819388,0,541
1785,0.0038630039410837546,0,542
1224,0.0031822796958211365,0,543
146,0.002966428792896225,0,544
2360,0.0026996914083606896,0,545
1788,0.0023343829976944543,0,546
1361,0.00218190175692087,0,547
442,0.0017867082883236685,0,548
205,0.0014673695987737919,0,549
788,0.0013882500144535223,1,550
1565,0.0013682290833935597,0,551
2530,0.0012390371163756402,0,552
854,0.0008222142980649268,0,553
2151,0.0002197604627791755,0,554
149,0.00011414438853396894,0,555
873,9.201575387228142e-05,0,556
2128,-0.00038149791907149703,0,557
2637,-0.0005917423844966664,0,558
597,-0.0008657224120678902,0,559
2125,-0.0009095753374531133,0,560
1740,-0.0009683196377567576,0,561
1489,-0.0012846726814437605,0,562
231,-0.0016721745898982537,0,563
1093,-0.0020157198666847483,1,564
1211,-0.0021677038788460445,0,565
1694,-0.0023533126695819474,0,566
1937,-0.002502171427505956,0,567
397,-0.0026412617964009736,0,568
1732,-0.00309499470192502,0,569
1820,-0.0031208001016158173,0,570
862,-0.0041760564022947765,1,571
1001,-0.0047135447906682835,0,572
1389,-0.005007184332524928,0,573
1964,-0.005139651969198994,0,574
1699,-0.005383555327854778,0,575
1321,-0.005708174436600979,0,576
720,-0.0058392361969053065,0,577
1151,-0.005972394845737167,0,578
925,-0.006371023822924808,0,579
22,-0.006444688556864572,0,580
2299,-0.006455199506665413,0,581
1104,-0.00648787576025632,0,582
580,-0.0068191329028152005,0,583
1108,-0.006964491301130617,0,584
1340,-0.007077880232147574,0,585
897,-0.007493580956321749,1,586
1718,-0.007809852108018274,0,587
1952,-0.007936018755942542,0,588
870,-0.00811244396126574,0,589
344,-0.008559569130115074,0,590
153,-0.008560045976309764,0,591
1150,-0.008578809288142095,0,592
1278,-0.008590713874226965,0,593
1237,-0.008762309185640799,0,594
2372,-0.009322006863514481,0,595
1234,-0.009484454385518502,0,596
1741,-0.009946045527303904,1,597
2550,-0.010348561774407745,0,598
957,-0.011038721791615257,0,599
1584,-0.011044076900052331,0,600
2560,-0.011159812050953163,0,601
761,-0.011466852574562557,0,602
2238,-0.011680568353080473,1,603
1567,-0.012201840282702978,0,604
525,-0.01221746504293827,0,605
356,-0.012267405917930334,0,606
2648,-0.012281326719000674,0,607
1139,-0.012292269567345537,0,608
2263,-0.013031399752766699,0,609
401,-0.013202135073872776,0,610
1754,-0.013296794854758598,0,611
255,-0.013559247222193947,0,612
1142,-0.013678813305366494,0,613
1441,-0.014607695707948721,0,614
282,-0.015052824057135575,0,615
33,-0.015635730671391096,0,616
2670,-0.016213899038898846,1,617
2325,-0.01693217484874438,0,618
1614,-0.01700556701597042,0,619
105,-0.017245053908172308,0,620
2122,-0.017311214885033503,0,621
2110,-0.017728368378017834,0,622
2001,-0.01792175712356062,0,623
895,-0.01803997352265998,0,624
1268,-0.018209087495692833,0,625
1803,-0.01860482737852756,0,626
1673,-0.019075951109124276,0,627
1013,-0.019503795885860736,0,628
2414,-0.01981727651194127,0,629
2270,-0.01995608373712597,0,630
470,-0.02001262928341719,0,631
158,-0.020152145764944014,0,632
1266,-0.020203176617658275,0,633
2320,-0.021086957186686836,0,634
2334,-0.021657648382246302,0,635
395,-0.021673040872666284,1,636
264,-0.021765679719873792,0,637
309,-0.02222195618793175,0,638
1530,-0.022540389594676052,0,639
2570,-0.023814010184723927,0,640
2277,-0.023888925883384975,1,641
889,-0.023932611292628515,0,642
2659,-0.02407480168020519,0,643
2032,-0.024392214036372754,0,644
809,-0.02476027148209302,0,645
2222,-0.024875666367662388,0,646
1229,-0.02498780372795643,0,647
1839,-0.025338160986519552,0,648
2194,-0.025389565702704783,0,649
1941,-0.026033396441649502,0,650
2520,-0.026212327242305968,0,651
2234,-0.026227569274998332,0,652
1106,-0.02624910494310888,0,653
456,-0.02658765264617095,0,654
1374,-0.026801042438723374,0,655
579,-0.026895117980713826,0,656
69,-0.026957833952988473,0,657
2383,-0.02710019958353296,0,658
661,-0.027196124668129464,0,659
1831,-0.027653930237330298,0,660
216,-0.028247049614909404,0,661
48,-0.028377605464837696,0,662
1269,-0.028815392823237477,0,663
1462,-0.028951800529979102,0,664
2225,-0.029172119408019066,0,665
2348,-0.030189016206358235,0,666
1968,-0.030632600315893106,0,667
2129,-0.03126800851469545,0,668
1103,-0.031533030234038674,0,669
62,-0.031692661403980193,0,670
731,-0.03184714283641636,1,671
324,-0.032170632082984936,0,672
266,-0.03273874795401189,0,673
1375,-0.03311073712299489,0,674
2582,-0.03320892490589221,0,675
1115,-0.03327267028254327,0,676
2253,-0.03371482147885484,0,677
1669,-0.034016464070571524,0,678
372,-0.034215931938130495,0,679
1160,-0.03434827918841796,0,680
1394,-0.03475011844556094,0,681
325,-0.03484966853028213,0,682
85,-0.03506024021779172,0,683
2502,-0.035085305597387054,0,684
2652,-0.0369383406116672,0,685
581,-0.037057422864749744,0,686
1554,-0.03732182000489046,0,687
2472,-0.038558997825084505,0,688
385,-0.03889424201098493,0,689
65,-0.03896532482841599,0,690
2665,-0.03897155014978943,0,691
2164,-0.03907209405712946,0,692
2654,-0.03909106028073984,0,693
1091,-0.03939998412525773,0,694
1869,-0.039568859165384954,0,695
1463,-0.03992193216823912,0,696
1043,-0.04043265408432339,0,697
2230,-0.04095990881758138,0,698
1231,-0.04100748432325654,0,699
2696,-0.04144202371624271,0,700
416,-0.041667711758873016,0,701
2229,-0.041768587429253504,0,702
2120,-0.04181806655865594,0,703
1118,-0.04221613216634984,0,704
2114,-0.04228691519216467,0,705
770,-0.04238822888568428,0,706
570,-0.0429792013551899,0,707
402,-0.04302581686901327,1,708
805,-0.043193454545021534,0,709
1015,-0.043337839666139064,0,710
780,-0.04360385144853718,0,711
716,-0.04444190419031811,0,712
1663,-0.04448964628776249,0,713
1101,-0.04450172546819963,0,714
1350,-0.04490786788487583,0,715
745,-0.04491504794532504,0,716
2412,-0.04577021188442146,0,717
1249,-0.045930016676477024,0,718
747,-0.04650711269471473,0,719
2690,-0.04655649564452955,0,720
1840,-0.0466981089641401,0,721
1534,-0.046932828941952665,0,722
327,-0.04715977216935952,0,723
562,-0.04718532004056873,0,724
2182,-0.047338737696591075,0,725
1864,-0.04743578364160966,0,726
2116,-0.04759292080687924,0,727
1989,-0.04804631821837041,0,728
2597,-0.04840553118272413,0,729
1111,-0.04896972761273601,0,730
2668,-0.049240725729849555,0,731
698,-0.049254697715234205,0,732
1102,-0.049499859643223676,0,733
1755,-0.049506786439507774,0,734
618,-0.04963366018004276,0,735
2282,-0.04993682625875795,0,736
2485,-0.05057872618384958,0,737
2291,-0.05070291895191309,1,738
1791,-0.05074445630206051,0,739
1852,-0.05090101467629657,0,740
476,-0.05130336388094864,1,741
928,-0.05132308823264227,0,742
827,-0.05219531056590128,0,743
1171,-0.05256506987516255,0,744
417,-0.052643546589521584,0,745
652,-0.05329927474368542,0,746
2071,-0.05386550973714731,0,747
2706,-0.05391671894863251,0,748
1455,-0.05391709297588472,0,749
2309,-0.054160964283932266,0,750
2082,-0.05470480580386219,0,751
2319,-0.05478340907446295,0,752
931,-0.054967108189222874,0,753
641,-0.05538341039210676,0,754
517,-0.05584433371486259,0,755
1979,-0.0566912339097598,0,756
46,-0.05722029677226634,0,757
43,-0.058054507937017844,0,758
689,-0.05812272503473872,0,759
289,-0.05834681224644676,0,760
375,-0.05951566562269147,0,761
1736,-0.0595263026226787,0,762
2281,-0.05957708455191252,0,763
1613,-0.05988199464622092,0,764
2305,-0.06023291737635972,0,765
605,-0.06087922821108036,0,766
415,-0.06090117061098381,0,767
1021,-0.06141196647033529,0,768
608,-0.0615423845651987,0,769
398,-0.06219887457056499,0,770
267,-0.06294027733519572,0,771
1770,-0.06331352980114233,0,772
699,-0.06399845595981529,0,773
2466,-0.06429527976837755,0,774
2166,-0.06439782277251781,0,775
1950,-0.06496054022338105,0,776
2430,-0.06577328036445569,0,777
1628,-0.06624941631046473,0,778
2217,-0.06627687668005093,0,779
792,-0.06651489503883637,0,780
444,-0.0665211631776454,0,781
2154,-0.06697385200572382,0,782
1689,-0.06703506079048725,0,783
41,-0.06703740568189699,0,784
2003,-0.0671108073745892,0,785
222,-0.06760454173593718,0,786
71,-0.06789387284509561,0,787
820,-0.06823053265097088,0,788
1875,-0.06891654908155523,0,789
697,-0.06936868111925011,0,790
2201,-0.06979783936794628,0,791
989,-0.07006697429865386,0,792
913,-0.07007695183718347,0,793
1980,-0.07028746584598755,0,794
963,-0.07089824350005816,0,795
1330,-0.071182727742691,0,796
1624,-0.07146901771011271,1,797
2007,-0.07177185648888691,0,798
2569,-0.07180657501021806,0,799
1346,-0.07212491169695565,0,800
1658,-0.07227848139456096,0,801
2689,-0.07257269848417078,1,802
1555,-0.07267630355748564,0,803
1697,-0.07287862072854098,0,804
336,-0.07320333730023879,0,805
2054,-0.07325324517406992,0,806
1416,-0.07346544922576353,0,807
2443,-0.07349531896480133,0,808
1200,-0.07361097361959588,0,809
1943,-0.07371694383424304,0,810
539,-0.07399428199324853,0,811
2284,-0.07424263120715312,0,812
1806,-0.07464277628484522,0,813
72,-0.07467435281437737,0,814
454,-0.07469739159574496,0,815
1894,-0.0747992117524229,0,816
696,-0.07493604554211486,0,817
2586,-0.07536662168924337,0,818
2643,-0.07567402869335141,1,819
1240,-0.07569205469790873,0,820
572,-0.07573774582540288,0,821
1064,-0.0760703562834214,0,822
1148,-0.0763121601624373,0,823
645,-0.07636414973240913,0,824
1434,-0.07640977603040747,0,825
1721,-0.07644430281320824,0,826
2118,-0.07709896914199911,0,827
1826,-0.07755883636120814,0,828
2464,-0.0778452465612544,0,829
369,-0.07874174773040554,0,830
2565,-0.07907703603159878,0,831
74,-0.07910481832394976,0,832
2312,-0.07931327477653524,0,833
2205,-0.07978989720931756,0,834
763,-0.08015180257660257,0,835
942,-0.08050000220558556,0,836
632,-0.08071460643038787,0,837
2429,-0.08076006686101142,0,838
29,-0.08077004433888439,0,839
1849,-0.08115259288074493,0,840
1011,-0.0816522971505163,0,841
1324,-0.0823247648891077,0,842
1008,-0.08243896917360838,0,843
650,-0.08255000932122139,0,844
2505,-0.08266445149255278,0,845
671,-0.08275100135384983,0,846
2515,-0.08306539461753744,0,847
1245,-0.08347396514733667,0,848
1385,-0.08352744746072922,0,849
861,-0.0838617104481373,0,850
1167,-0.08429612378635673,0,851
2568,-0.08452408311682819,0,852
714,-0.08517705105594191,0,853
355,-0.08525135966842264,0,854
1735,-0.08552302139193049,0,855
673,-0.0858727123594463,0,856
1550,-0.08589759826543791,0,857
693,-0.08603003293496005,0,858
1619,-0.08657107284629739,0,859
900,-0.08675366125173893,0,860
886,-0.0870152335641774,0,861
2507,-0.08732161125308877,0,862
240,-0.08736820313323632,0,863
982,-0.08763697901964412,0,864
1716,-0.0879066308474369,0,865
2495,-0.08800589286464754,0,866
12,-0.08831772783579654,0,867
1438,-0.08839442244153044,0,868
1834,-0.08851390605573632,0,869
2105,-0.08859770984600654,0,870
2093,-0.08861618645717007,0,871
2359,-0.08872940662332161,0,872
838,-0.08899827727152652,0,873
194,-0.0892706569755731,0,874
92,-0.08928487556510527,0,875
306,-0.08952861367910257,0,876
781,-0.0898374935682082,0,877
1666,-0.08983876292227168,0,878
2601,-0.09022007174602181,0,879
2079,-0.0903607898122136,0,880
1038,-0.09038025774520708,0,881
2058,-0.09100547250967585,0,882
628,-0.0911847130133189,0,883
2012,-0.0912241705878858,0,884
2555,-0.09152652456160297,0,885
888,-0.09206882307275631,0,886
229,-0.09206907991836237,0,887
164,-0.09232893305285986,0,888
1893,-0.09251103332108096,0,889
1228,-0.09254029877447656,0,890
272,-0.09255335286471408,0,891
421,-0.0928278215105628,0,892
514,-0.09297178790877107,0,893
1403,-0.09314046999888465,0,894
814,-0.09377478448622498,0,895
189,-0.09390582445617734,0,896
2679,-0.0942206814250798,0,897
540,-0.0943143966287244,0,898
2046,-0.09476473660149505,0,899
1862,-0.09477148222974009,0,900
1419,-0.09504641507023812,0,901
619,-0.09510741213476107,0,902
851,-0.09520697519734446,0,903
2501,-0.09529286178749673,0,904
2146,-0.09531799748979683,0,905
58,-0.09534177810093518,0,906
2436,-0.09540724621390283,0,907
1452,-0.09557330096378923,0,908
2640,-0.09581003739110239,0,909
2343,-0.09590590207259617,0,910
981,-0.09620529853234695,0,911
1832,-0.09622613776069658,0,912
1537,-0.09645508526176262,0,913
2031,-0.09648500406936654,0,914
2589,-0.09648700539767505,0,915
2554,-0.09655249054476991,0,916
480,-0.09683309946246924,0,917
377,-0.09688405901368281,0,918
2306,-0.09689160942409425,0,919
1726,-0.09706773246798181,0,920
1580,-0.09722880250460203,0,921
2298,-0.09745048806864898,0,922
601,-0.09751514823077753,0,923
687,-0.09928892560304947,0,924
1604,-0.09949174899588095,0,925
1805,-0.09979361604419534,0,926
653,-0.0998650395257623,0,927
560,-0.09993305061840775,0,928
1620,-0.10017376466915123,0,929
2661,-0.10018767078144386,0,930
1205,-0.10045078633815481,0,931
1772,-0.10048589781873443,0,932
13,-0.10065851518394903,0,933
863,-0.10074658708318777,1,934
1285,-0.1009118586756661,0,935
1552,-0.10151451006202673,0,936
1912,-0.10153449190738137,0,937
1676,-0.10181988244782322,0,938
2408,-0.1018274028995658,0,939
2047,-0.1020388460995072,0,940
457,-0.10236920196910865,0,941
573,-0.10287071738563369,0,942
2453,-0.10349102275545106,0,943
2556,-0.10354678226881975,0,944
2442,-0.10400618129207284,0,945
1036,-0.10411675537650529,0,946
2233,-0.10414739575837625,0,947
2450,-0.10417128319004944,0,948
701,-0.1044220037951957,0,949
1819,-0.10462771696591588,0,950
920,-0.10481471898648903,1,951
555,-0.10498778205562607,0,952
2196,-0.1049952377234597,0,953
2365,-0.10543980500912233,0,954
1149,-0.10574063097698147,0,955
1622,-0.10574552111648905,0,956
1377,-0.1059376735687729,0,957
1343,-0.10596167718624336,0,958
515,-0.10621765332027881,0,959
547,-0.10640685059508165,0,960
1829,-0.10656423330195594,0,961
436,-0.10660434787985087,0,962
2579,-0.10666078642179738,0,963
2528,-0.10675889879281383,0,964
2081,-0.10725116336133203,0,965
2260,-0.10729607646149371,0,966
82,-0.1078899345072083,0,967
396,-0.10815929556054196,0,968
2290,-0.10827794289627077,0,969
1583,-0.10832060156807331,0,970
371,-0.10859841574004549,0,971
52,-0.10924826693935526,0,972
1795,-0.10934276872381056,0,973
996,-0.10935762260108976,0,974
380,-0.10936910129053623,0,975
1763,-0.10943807597989455,0,976
1166,-0.1095947303497431,0,977
1242,-0.110025945499153,0,978
1627,-0.11015235954187334,0,979
2409,-0.11021056521166395,0,980
543,-0.11093818503167872,0,981
1511,-0.11102857378841223,0,982
1161,-0.11108198563676287,0,983
1134,-0.11124130892279414,0,984
2400,-0.11140232697692402,0,985
2286,-0.11207710305470445,0,986
1704,-0.1123930676833081,0,987
1705,-0.11261536480806109,0,988
1283,-0.11261934741115386,0,989
598,-0.11309195615574497,0,990
1140,-0.11325568919336534,0,991
2173,-0.11349425963300193,0,992
2451,-0.11382724595525016,0,993
2630,-0.11397653697964988,0,994
2381,-0.11431667888049213,0,995
2206,-0.11464364486419987,0,996
858,-0.11478146866112841,0,997
1720,-0.11487754985385716,0,998
2445,-0.1150549164746762,0,999
611,-0.1166432794315364,0,1000
2006,-0.11721350246626683,0,1001
526,-0.11776647378382502,0,1002
1201,-0.11839621987643698,0,1003
1879,-0.11844508753156854,0,1004
883,-0.11863574980520039,1,1005
157,-0.11864470632903905,1,1006
1406,-0.11876390434296846,0,1007
169,-0.11884848043274597,0,1008
339,-0.11910438164314577,0,1009
1682,-0.1193069635494093,0,1010
2172,-0.11953423904500204,0,1011
11,-0.11976451417128839,0,1012
2647,-0.11977633738111641,0,1013
1991,-0.12011993526307146,0,1014
1107,-0.12024705040123491,0,1015
2417,-0.12043994306034782,0,1016
1080,-0.12068163739215193,0,1017
104,-0.12119666295355355,0,1018
843,-0.12126814436248651,0,1019
891,-0.12149122293143566,0,1020
596,-0.1220209383808362,0,1021
2547,-0.12237582032494176,0,1022
193,-0.12263011950812425,0,1023
807,-0.12268166301196319,1,1024
1605,-0.1228051116963926,0,1025
412,-0.12289357462801001,0,1026
2097,-0.12290466126096547,0,1027
591,-0.12292285162925297,0,1028
2614,-0.1231777713406308,0,1029
1977,-0.12331163998718482,0,1030
1985,-0.12332042708388313,0,1031
2704,-0.12345510098478121,0,1032
211,-0.1236704311480298,0,1033
979,-0.12380551172726983,0,1034
1490,-0.12447147347041237,0,1035
970,-0.12458502476827929,0,1036
729,-0.1247315933352233,0,1037
502,-0.12486128359993917,0,1038
1457,-0.12509006697213976,0,1039
1751,-0.1256363624499386,0,1040
2193,-0.12609187810449862,0,1041
1351,-0.12616047121769067,0,1042
2685,-0.1264525050309337,0,1043
1938,-0.126569013543828,0,1044
2666,-0.12681050989602274,0,1045
1816,-0.1270542450356828,0,1046
782,-0.12718191538650733,0,1047
719,-0.12725554479789516,0,1048
1163,-0.12768062498472982,0,1049
634,-0.12808475796211866,0,1050
310,-0.12809371328606306,0,1051
2117,-0.12881549766108852,0,1052
2351,-0.12938044010393351,0,1053
30,-0.1294887452873755,0,1054
997,-0.12988084405185263,0,1055
1089,-0.13004562576347195,0,1056
484,-0.13011758988824823,0,1057
521,-0.13022369253608296,0,1058
1759,-0.13031543581821148,0,1059
290,-0.13033329341307717,0,1060
1757,-0.1305808489572778,0,1061
1312,-0.13088293256731312,0,1062
1169,-0.13090932759922927,0,1063
2202,-0.13098199768466567,0,1064
629,-0.13099007586001624,0,1065
2212,-0.1312075122705953,0,1066
875,-0.13168075856244538,0,1067
2324,-0.13191693029960813,0,1068
553,-0.13317608090153457,0,1069
1085,-0.13323383607415548,0,1070
2020,-0.13346655184958053,0,1071
1223,-0.13382659011114437,0,1072
1827,-0.1338576162914885,0,1073
1675,-0.13405495327895955,0,1074
135,-0.13417938893308656,0,1075
1153,-0.13502022819959628,0,1076
1259,-0.13519988185753823,0,1077
1409,-0.13546249931819596,0,1078
2542,-0.13548050808263137,0,1079
1077,-0.13549376217023398,0,1080
821,-0.13638033314158607,0,1081
728,-0.13658838301609588,0,1082
1261,-0.13677198610813102,0,1083
606,-0.1370990650175465,0,1084
242,-0.13757146883250115,0,1085
2016,-0.1376328991692332,0,1086
1637,-0.13778229255081684,0,1087
561,-0.13797329059702468,0,1088
1009,-0.13797950200543532,0,1089
1588,-0.13800112953596966,0,1090
1870,-0.13813889509807126,0,1091
1184,-0.13841925872054917,0,1092
1203,-0.13889267113606793,0,1093
1644,-0.13904578717096172,0,1094
574,-0.1391406348773618,1,1095
833,-0.1402489454919941,0,1096
218,-0.14040926626673814,0,1097
459,-0.1404943654024518,0,1098
1460,-0.14068698893445622,0,1099
2204,-0.1409777615860228,0,1100
1558,-0.14099282711408279,0,1101
2506,-0.14101433455173384,0,1102
1221,-0.14169192438048692,0,1103
323,-0.14175275280543176,0,1104
2278,-0.14180288716616007,0,1105
77,-0.14273616318468108,0,1106
2314,-0.14281233896825143,0,1107
1609,-0.14292787437073168,0,1108
2288,-0.14310747101396343,0,1109
1516,-0.1431896871905802,0,1110
785,-0.14325995273451264,0,1111
1453,-0.14369789832434654,0,1112
1,-0.14370370932556104,0,1113
1345,-0.1441537395156872,0,1114
725,-0.14427257445798344,0,1115
485,-0.14427604149435252,0,1116
2494,-0.14451597752942882,0,1117
1691,-0.1447175818236254,0,1118
1597,-0.14472967405168105,0,1119
1865,-0.14476896728222385,0,1120
811,-0.14515996429739966,0,1121
2109,-0.14532880702423814,0,1122
244,-0.14634332860777086,0,1123
141,-0.1463915989556963,0,1124
7,-0.14641821114293407,1,1125
2127,-0.1466707387893867,0,1126
1303,-0.14668143495385122,0,1127
2035,-0.14683638038009242,0,1128
2318,-0.14707558076965224,0,1129
1436,-0.14746934519671823,0,1130
2019,-0.14752204390160248,0,1131
2499,-0.14786246295807431,0,1132
656,-0.1478816377241208,0,1133
722,-0.14797676406188268,0,1134
1336,-0.14813738611778854,0,1135
2493,-0.14818851893806628,0,1136
1828,-0.14830342197966218,0,1137
1469,-0.1483274643988909,0,1138
331,-0.14841047431336704,0,1139
2395,-0.14847276236864806,0,1140
1291,-0.14911068288526536,0,1141
753,-0.14916223485124563,0,1142
185,-0.14926266333576138,0,1143
1603,-0.14932425581266698,0,1144
678,-0.14939335002747486,0,1145
941,-0.14940297609250724,0,1146
275,-0.14989581170993976,0,1147
2673,-0.15056389281459873,0,1148
2107,-0.15062951680401948,0,1149
2387,-0.15108427671716396,0,1150
801,-0.15128085930158874,0,1151
1427,-0.1513060124974445,0,1152
1352,-0.15131895335187845,0,1153
1823,-0.15154514388685092,0,1154
1657,-0.1518949220811802,0,1155
1315,-0.15200769515927867,0,1156
1092,-0.15210241917179468,0,1157
2482,-0.15293748091680268,0,1158
953,-0.15329097833725125,0,1159
828,-0.1534769911758952,0,1160
911,-0.15347823306850628,0,1161
1360,-0.15425209114095179,0,1162
1972,-0.15430425236256817,0,1163
1476,-0.15432343165849047,0,1164
2267,-0.1543444881744716,0,1165
1435,-0.15467901519014932,0,1166
1807,-0.15510451876267073,0,1167
202,-0.15553757447111874,0,1168
2562,-0.15565604397781035,0,1169
830,-0.15580166415280408,0,1170
1147,-0.15590041208678698,0,1171
776,-0.15590732241441052,0,1172
294,-0.15605178132241868,1,1173
955,-0.15629854397701431,0,1174
1787,-0.15656043748527262,0,1175
298,-0.15669659535978947,0,1176
2401,-0.15676324338482867,0,1177
1428,-0.15704749562210757,1,1178
1031,-0.15773492430439132,0,1179
961,-0.15775461895824477,0,1180
1734,-0.15778100120773075,0,1181
1750,-0.15801765419246216,0,1182
2322,-0.15865268970091284,0,1183
312,-0.15867648904984719,0,1184
1294,-0.15938653884362697,0,1185
1693,-0.15991002476583172,0,1186
779,-0.1604204693170481,0,1187
1327,-0.1604618946380954,0,1188
35,-0.16066195835145364,0,1189
1060,-0.16069174591917149,0,1190
1411,-0.16144405371773457,0,1191
2425,-0.16171810197680309,0,1192
2186,-0.1621916003813634,0,1193
1480,-0.16232032819306164,0,1194
6,-0.16246584687418467,0,1195
287,-0.16284723234649698,0,1196
2199,-0.1629942069948711,0,1197
2119,-0.16300637112215566,0,1198
1618,-0.16301934331315585,0,1199
2148,-0.1633086526299929,0,1200
9,-0.16337018210217003,0,1201
2404,-0.1637448075993906,0,1202
2000,-0.16430110376923499,0,1203
1575,-0.16430660440221143,0,1204
1642,-0.16430848372964263,0,1205
535,-0.16459840471382559,0,1206
366,-0.16462390187711418,0,1207
2268,-0.16462614955638089,0,1208
237,-0.16464793392203506,0,1209
1574,-0.16495270767935993,0,1210
118,-0.16509465801613887,0,1211
2162,-0.16517819980525586,0,1212
2610,-0.1653928076761792,0,1213
2013,-0.16541014168829077,0,1214
37,-0.16566809037660263,0,1215
2084,-0.16581443653301225,0,1216
513,-0.16655908479697654,0,1217
746,-0.167426198491082,0,1218
248,-0.1675264873979088,0,1219
66,-0.16768803306559377,0,1220
2645,-0.1677360503367734,0,1221
280,-0.16784739685737826,0,1222
455,-0.16840847901263145,0,1223
2150,-0.16844379478905105,0,1224
445,-0.16882287959414677,0,1225
117,-0.16929141858622287,0,1226
893,-0.16929465488604462,0,1227
2702,-0.1694730980090518,0,1228
2153,-0.1702501602639292,0,1229
2027,-0.17035439054671062,0,1230
1612,-0.17043427286486987,0,1231
2664,-0.17048030871364017,0,1232
624,-0.17124829779074596,0,1233
1425,-0.17149697533781694,0,1234
2366,-0.17208455771745543,0,1235
2428,-0.172435444948805,0,1236
839,-0.17260547345726526,0,1237
1062,-0.17263966257555965,0,1238
2169,-0.17281160776907414,0,1239
1017,-0.17309583322952424,0,1240
1917,-0.17322918796699296,0,1241
116,-0.17341339860779975,0,1242
2411,-0.17355986817445285,1,1243
1660,-0.17373334827038234,0,1244
296,-0.17379998995605694,0,1245
2294,-0.174033364441484,0,1246
1722,-0.1740938025882511,0,1247
1215,-0.1741413489905375,0,1248
884,-0.17441001713531515,0,1249
64,-0.1745495996095465,0,1250
452,-0.17460262029866438,0,1251
1631,-0.17482026589948146,0,1252
1990,-0.1754753283639317,0,1253
1247,-0.17617787194378953,0,1254
1461,-0.17656284969065772,0,1255
1083,-0.17656610393430214,0,1256
1046,-0.17693528378857873,0,1257
985,-0.1770698738131315,0,1258
136,-0.17770954399283703,0,1259
90,-0.17773920072583382,0,1260
1623,-0.17796346416304562,0,1261
1349,-0.17801758358737768,0,1262
2279,-0.17806388119860714,0,1263
709,-0.17823092445630634,0,1264
329,-0.17841044932753305,0,1265
824,-0.17909393666836976,0,1266
694,-0.17925498166339549,0,1267
2002,-0.17934771079534556,0,1268
2283,-0.179403474008104,0,1269
1481,-0.17952975731115853,0,1270
1851,-0.1798414254309912,0,1271
759,-0.17988449409188878,0,1272
1762,-0.18002449127586206,0,1273
1016,-0.1800805547038366,0,1274
1942,-0.18011489468149205,0,1275
1090,-0.1804475874775525,0,1276
2531,-0.1810652042261376,0,1277
2432,-0.18122547130676228,0,1278
1170,-0.1812649555497215,0,1279
142,-0.18174794667092695,0,1280
1073,-0.18217448635547126,0,1281
437,-0.18228591678535333,0,1282
1672,-0.1823846022046224,0,1283
140,-0.18255081269651072,0,1284
1654,-0.1828658469898267,0,1285
186,-0.18292664455009774,0,1286
1665,-0.18302034229501252,0,1287
34,-0.1835205295352106,0,1288
2469,-0.18369506684488512,0,1289
2265,-0.18386400250313784,0,1290
430,-0.18389462726858946,0,1291
1512,-0.18393903763293845,0,1292
2037,-0.1841667356560228,0,1293
717,-0.18473333462683908,0,1294
1564,-0.18490373614544303,0,1295
96,-0.18494315925399896,0,1296
112,-0.18520076286567796,0,1297
642,-0.18547541557486338,0,1298
2326,-0.18548619737072716,0,1299
1487,-0.1856593759421088,0,1300
1899,-0.18569842978037462,0,1301
568,-0.1867223784318234,0,1302
271,-0.1867359637056499,0,1303
1920,-0.18717340197097126,0,1304
2340,-0.18721694239310596,1,1305
1662,-0.18726920004299705,0,1306
2532,-0.18779304098172256,0,1307
449,-0.18788298320421737,0,1308
1292,-0.18795185305739404,0,1309
795,-0.1882935218083773,0,1310
2388,-0.18858744813568912,0,1311
1265,-0.18859818207181453,0,1312
800,-0.18881093794554576,0,1313
685,-0.1888887236143911,0,1314
623,-0.18903650167897418,0,1315
2638,-0.18927855332783466,0,1316
631,-0.18977949927741905,0,1317
1727,-0.18996772367447795,0,1318
321,-0.19105364796324278,0,1319
991,-0.19184544548304477,0,1320
1082,-0.19194670547737835,0,1321
2131,-0.19265043331707446,0,1322
1885,-0.1926963331579129,0,1323
1098,-0.19279021564538268,0,1324
1956,-0.1930652982170689,0,1325
2057,-0.1931586765538367,0,1326
644,-0.19322488443399494,0,1327
1667,-0.1936236029004827,0,1328
2437,-0.19368059887242936,0,1329
2575,-0.19379917095830856,0,1330
2426,-0.19395452829249832,0,1331
170,-0.194173466752952,0,1332
1079,-0.19447277648022815,0,1333
1429,-0.19501793094211672,0,1334
2223,-0.19511104825926573,0,1335
362,-0.19517364500287937,0,1336
2487,-0.19545111894339495,0,1337
1527,-0.19553269018919653,0,1338
1939,-0.19647189485785643,0,1339
2207,-0.1966153802660149,0,1340
1068,-0.19667638762885883,0,1341
954,-0.19669061474200392,0,1342
647,-0.1973938781486787,0,1343
791,-0.19801959992318408,0,1344
1585,-0.1981561854480885,0,1345
2580,-0.19831533980478858,0,1346
625,-0.1985064385883361,0,1347
1238,-0.19852804648778466,0,1348
491,-0.19881731918973602,0,1349
4,-0.1994229114181666,0,1350
1020,-0.19953363695222096,0,1351
1295,-0.199624802887192,0,1352
2540,-0.20037886980909614,0,1353
734,-0.200384123246624,0,1354
328,-0.20090632202712796,0,1355
2218,-0.2009101083488788,0,1356
265,-0.20138051148369435,0,1357
1561,-0.20166377826536963,0,1358
1978,-0.2017839842339925,0,1359
1542,-0.202240610429971,0,1360
399,-0.20258702209411952,0,1361
1971,-0.20263212171694853,0,1362
50,-0.20272012671321185,0,1363
197,-0.20332046314530774,0,1364
191,-0.20340345491597112,0,1365
352,-0.20383144984346133,0,1366
137,-0.20400500363933666,0,1367
2044,-0.2045272518282828,0,1368
25,-0.2046239118899423,0,1369
1883,-0.20511252287578768,0,1370
1187,-0.2056721505020536,0,1371
1589,-0.205750025040086,0,1372
2471,-0.2058433782730222,0,1373
2302,-0.206075274504599,0,1374
1874,-0.20628856926762473,0,1375
2310,-0.20650296862276543,0,1376
1058,-0.20689734646052566,0,1377
483,-0.2071501954324516,0,1378
342,-0.2073590757771136,0,1379
1880,-0.20736388462691577,0,1380
1690,-0.20750701589823037,0,1381
1974,-0.2078234922625162,0,1382
391,-0.20807505950304336,0,1383
1944,-0.20815473900494924,0,1384
2602,-0.20861978367397183,0,1385
1656,-0.208821955352162,0,1386
2191,-0.20895102157717882,0,1387
1109,-0.2090363641180165,0,1388
252,-0.20905214577986087,0,1389
1514,-0.2090726066749688,0,1390
305,-0.20925941156855468,0,1391
1370,-0.20953686460598825,0,1392
2133,-0.20979001951949927,0,1393
1034,-0.20994118275891693,0,1394
10,-0.20994753468982963,0,1395
2321,-0.2105308675113118,0,1396
638,-0.21102543567743595,0,1397
2056,-0.2111460311380889,0,1398
864,-0.21151236871579301,0,1399
2274,-0.211632511862825,0,1400
1325,-0.2118275812956638,0,1401
60,-0.21204291376339096,0,1402
1130,-0.21225254501290414,0,1403
908,-0.21228089242466813,0,1404
1097,-0.21231960069509132,0,1405
1709,-0.21262950265996816,0,1406
1576,-0.21323295838298026,0,1407
550,-0.21326388131446916,0,1408
544,-0.21350730559666278,0,1409
1439,-0.213799950429753,0,1410
1464,-0.2139147670409039,0,1411
1199,-0.21413372017985763,1,1412
2134,-0.21437450160929258,0,1413
1634,-0.21461149356260253,0,1414
1982,-0.21478396491316237,0,1415
234,-0.2148434835882922,0,1416
1892,-0.2149279852531759,0,1417
2076,-0.2149877053450907,0,1418
1216,-0.2150241519852636,0,1419
1067,-0.2153539392592553,0,1420
210,-0.21544261550027852,0,1421
1284,-0.21544484128460345,0,1422
2021,-0.2155710712883272,0,1423
881,-0.21566672387909872,0,1424
1483,-0.21596803365488068,0,1425
2514,-0.21634442891190184,0,1426
922,-0.2164153037176425,0,1427
2192,-0.217383944003023,0,1428
2247,-0.21742716623235442,0,1429
876,-0.2176225711994803,0,1430
1650,-0.21769404683976065,0,1431
154,-0.21816698283157254,0,1432
604,-0.21831708065838054,0,1433
1331,-0.21850874187575112,0,1434
1010,-0.21879525879283648,0,1435
463,-0.21923158383651054,0,1436
285,-0.21963755232216142,0,1437
461,-0.21991428265560353,0,1438
192,-0.22048053156150804,0,1439
1310,-0.2209143060741858,0,1440
1553,-0.2216808433538745,0,1441
637,-0.22220287798097255,0,1442
2421,-0.22233749045798004,0,1443
1655,-0.22330953234460757,0,1444
1661,-0.22347294520017325,0,1445
460,-0.22378035041485933,0,1446
419,-0.22389341228595044,0,1447
1901,-0.2239631619306697,0,1448
706,-0.22401987560152345,0,1449
1334,-0.22416581864043722,0,1450
2707,-0.22437760810369375,0,1451
2474,-0.2246248099488913,0,1452
161,-0.22485721857283594,0,1453
1958,-0.22512773228623864,0,1454
2231,-0.225270944776225,0,1455
1569,-0.22575052086680122,0,1456
950,-0.22598139713444843,0,1457
1354,-0.22612597330590814,0,1458
2422,-0.22613157621385374,0,1459
1507,-0.22645861093839606,0,1460
1348,-0.22651968732655203,0,1461
774,-0.22657227706957467,0,1462
1076,-0.22692998016472024,0,1463
810,-0.2269314709969298,1,1464
1843,-0.2269748649493933,0,1465
2686,-0.2269801118817037,0,1466
1765,-0.22699440208362423,0,1467
332,-0.22782863698497194,0,1468
1866,-0.22863714513857158,0,1469
1993,-0.22897977224741223,0,1470
2219,-0.2291877226050646,0,1471
406,-0.22923351226912975,0,1472
516,-0.22939547742246774,0,1473
1486,-0.23019148241411733,0,1474
1814,-0.23059046221347843,0,1475
2025,-0.231076861303478,0,1476
2497,-0.23151769859323526,0,1477
1049,-0.23224744375021247,0,1478
420,-0.23244837673429286,0,1479
1087,-0.2330094897086057,0,1480
467,-0.2336411937133541,0,1481
93,-0.23390824694231993,0,1482
2113,-0.23394262133856297,0,1483
1305,-0.23423656302433093,0,1484
256,-0.23432005176021414,0,1485
215,-0.23438556254650994,0,1486
1450,-0.2345403949056613,0,1487
1781,-0.23494912797744025,0,1488
1186,-0.23504035658754624,0,1489
2701,-0.23548710867714068,0,1490
808,-0.23567091530118323,0,1491
1252,-0.2357667204212849,1,1492
1125,-0.23607208344833097,0,1493
2185,-0.2364490449131909,0,1494
639,-0.2373782902793102,0,1495
143,-0.23740532297694858,0,1496
1426,-0.23741485925017913,0,1497
1357,-0.2374680138626793,0,1498
122,-0.23759991096121813,0,1499
340,-0.23768681926045726,0,1500
1578,-0.23771892721569216,0,1501
2095,-0.2383349613268163,0,1502
383,-0.23868624338564257,0,1503
903,-0.23870568161262143,0,1504
254,-0.23908207102145163,1,1505
2627,-0.23909956574745,0,1506
424,-0.23922306654938488,1,1507
224,-0.23924009063670532,0,1508
446,-0.2393153081676494,0,1509
1502,-0.2393178725427832,0,1510
453,-0.239631877027,0,1511
2051,-0.23964512540512461,0,1512
680,-0.23969925717731538,0,1513
99,-0.2400377152873412,0,1514
84,-0.24014493230003653,0,1515
845,-0.24017728646008762,0,1516
2170,-0.24062664922001636,0,1517
1496,-0.24067921421936506,0,1518
2376,-0.2408159150324658,0,1519
857,-0.24095888340929225,0,1520
1120,-0.24134904660380063,0,1521
373,-0.24156452860700092,0,1522
2452,-0.24203025467360054,0,1523
201,-0.24254858171812874,0,1524
702,-0.24329948514333827,0,1525
19,-0.24333869429462612,0,1526
1298,-0.24335441175502187,0,1527
133,-0.24336388536787332,0,1528
662,-0.24338802900886516,0,1529
2059,-0.2440211623717872,0,1530
1289,-0.24424439752299693,1,1531
2098,-0.24430515422103868,0,1532
411,-0.24445017115979245,0,1533
1473,-0.2447024289741247,0,1534
617,-0.24504115311850883,0,1535
245,-0.24535491272581814,0,1536
2694,-0.24547988710196691,0,1537
2296,-0.24548929665570723,0,1538
614,-0.24556193632517137,0,1539
1443,-0.2456092140359133,0,1540
723,-0.24579640106859768,0,1541
599,-0.2459221005260168,0,1542
2653,-0.24640891319573668,0,1543
1853,-0.2466047322800137,0,1544
688,-0.24674200666126073,0,1545
307,-0.24691069726691597,0,1546
2070,-0.24725201374814346,0,1547
546,-0.24771947452254994,0,1548
2433,-0.24794109587657603,0,1549
2535,-0.24860783816049936,0,1550
527,-0.24970361742599637,0,1551
972,-0.24982872168043205,0,1552
195,-0.24984832636311455,0,1553
983,-0.25011993561955603,0,1554
1800,-0.2502944575966749,0,1555
1970,-0.2505418748163081,0,1556
2227,-0.2509288541927696,0,1557
586,-0.2511130227788554,0,1558
278,-0.2515904454635978,0,1559
91,-0.2515915003466514,0,1560
1508,-0.2519404572685066,0,1561
2613,-0.252077955659455,0,1562
2456,-0.25212759590692735,0,1563
2574,-0.25252453264615127,0,1564
2259,-0.2525575995798034,0,1565
1686,-0.2529290445193012,0,1566
815,-0.25311581756234863,0,1567
1188,-0.25319311157904417,0,1568
1830,-0.25321274814629213,0,1569
2406,-0.25351773899473173,0,1570
1766,-0.25387633535298715,0,1571
772,-0.2540462522482314,0,1572
2649,-0.2541144489666394,0,1573
2609,-0.25415512028035875,0,1574
1529,-0.25425216366028025,0,1575
217,-0.2544520301680121,0,1576
262,-0.2546901116877495,0,1577
2077,-0.25485126420519516,0,1578
700,-0.25494868737847254,0,1579
2245,-0.2554920234520195,0,1580
353,-0.25560566507013366,0,1581
1715,-0.2558242056450401,0,1582
2039,-0.2558912239930414,0,1583
848,-0.2559111147006878,0,1584
887,-0.2564407391552012,0,1585
269,-0.25667159801202516,0,1586
1459,-0.2571042946068106,0,1587
946,-0.25719019537275123,0,1588
1568,-0.2572197739322941,0,1589
2508,-0.2572779365415858,0,1590
1769,-0.25834058491967826,0,1591
1616,-0.25840155407045373,0,1592
2619,-0.25874742013456703,0,1593
1922,-0.25875771740593667,0,1594
1075,-0.2588921800266248,0,1595
2492,-0.25922408814343156,0,1596
2018,-0.2597358513673096,0,1597
428,-0.25991091737356015,0,1598
987,-0.26016371809879874,0,1599
1546,-0.2603286900484307,0,1600
281,-0.26063508681436953,0,1601
2243,-0.26077613180399356,0,1602
2363,-0.26117346163077726,0,1603
2503,-0.2618640563391603,0,1604
81,-0.2623863321055769,0,1605
94,-0.2626854290896051,0,1606
351,-0.2627155285440851,0,1607
2596,-0.26333256161596424,0,1608
1640,-0.26336432274060095,0,1609
2489,-0.2634118638656887,0,1610
844,-0.2636125028157366,0,1611
556,-0.2636752507987684,0,1612
1570,-0.2637010965473485,0,1613
1362,-0.26404528378841136,0,1614
1995,-0.2640852256318073,0,1615
992,-0.26412346184999264,0,1616
947,-0.26417492782320257,0,1617
633,-0.26449292233240423,0,1618
651,-0.2645817947745056,0,1619
1322,-0.2645818846109779,0,1620
1074,-0.2647215174297579,0,1621
1202,-0.2648220270726868,0,1622
1218,-0.2651380344644679,0,1623
1369,-0.2659421748099457,0,1624
1777,-0.26595633110263944,0,1625
1293,-0.2668028977191259,0,1626
482,-0.26703624860639874,0,1627
1368,-0.267130435274772,0,1628
27,-0.26714368651511256,0,1629
2368,-0.26761128237987836,0,1630
705,-0.2677558259674448,0,1631
1258,-0.26832898042877973,0,1632
750,-0.26872800502380056,0,1633
2616,-0.2688550101258755,0,1634
1470,-0.269031034492301,0,1635
1430,-0.26949370327766786,0,1636
61,-0.26951144440748576,0,1637
545,-0.26954491062546415,0,1638
2402,-0.2695463452375756,0,1639
204,-0.26967757637308476,0,1640
2541,-0.2708140549361091,0,1641
171,-0.2708833355555867,0,1642
1969,-0.27089573782169013,0,1643
2688,-0.2710493755625759,0,1644
1372,-0.2710986951561818,0,1645
2524,-0.2712023712715812,0,1646
1431,-0.27126923110880236,0,1647
1272,-0.2715328904346192,0,1648
593,-0.27231199450758614,0,1649
354,-0.2725333924733241,0,1650
1204,-0.27401394312068916,0,1651
40,-0.27402572857745017,0,1652
2327,-0.27402587320133204,0,1653
365,-0.2741110935238616,0,1654
2624,-0.27442420898531017,0,1655
1621,-0.27443820579900025,0,1656
2280,-0.2749175219278215,0,1657
1296,-0.27531353599984887,0,1658
2600,-0.27564615355492983,0,1659
2104,-0.27570808422130044,0,1660
664,-0.27581300347030924,0,1661
370,-0.27596774086405956,0,1662
286,-0.2765470315511144,0,1663
980,-0.2767106264837968,0,1664
1560,-0.27692971158753277,0,1665
584,-0.277178416262705,0,1666
937,-0.2771967017854932,0,1667
478,-0.27720472999760504,0,1668
2216,-0.2775330343343098,0,1669
1651,-0.27769236034028955,0,1670
2188,-0.27779073535904575,0,1671
16,-0.27786140895232225,0,1672
938,-0.27788641532044406,0,1673
2341,-0.27809741184195425,0,1674
1541,-0.2783038096755587,0,1675
2250,-0.27846046114163103,0,1676
1518,-0.2786760821276495,0,1677
70,-0.2788136493175397,0,1678
1744,-0.2788204365741433,0,1679
2145,-0.27886676611967187,0,1680
2434,-0.2799558720891864,0,1681
1126,-0.28046843809402067,0,1682
188,-0.28055466784622307,0,1683
173,-0.2810692196981017,0,1684
837,-0.2811636966762082,0,1685
1397,-0.2815363782965374,0,1686
2065,-0.2822081439622759,0,1687
1919,-0.282796756535863,0,1688
335,-0.2830358665770824,0,1689
88,-0.28395049125019345,0,1690
518,-0.2839868138677063,0,1691
960,-0.28401159853802616,0,1692
1647,-0.2843375612415826,0,1693
1410,-0.2846209461411438,0,1694
1996,-0.28490668003466724,0,1695
1598,-0.2850878284403854,0,1696
2328,-0.2851052433989982,0,1697
1399,-0.2851587364688923,0,1698
1930,-0.2860282764938001,0,1699
1858,-0.28617804568971766,0,1700
769,-0.28628260159675273,0,1701
384,-0.28645437013986935,0,1702
2176,-0.28679534643482163,0,1703
1967,-0.28769183322226133,0,1704
522,-0.28773472162741454,0,1705
2639,-0.287774111198332,0,1706
1214,-0.2883134529308209,0,1707
2042,-0.2886693971025114,0,1708
773,-0.28894616273051726,0,1709
97,-0.2890955170094491,0,1710
1521,-0.28925297373413045,0,1711
1198,-0.28973511188198836,0,1712
2705,-0.2901294474096506,0,1713
1493,-0.2908242364536775,0,1714
1417,-0.29090451123504435,0,1715
2041,-0.2913053277581985,0,1716
474,-0.2913261935597116,0,1717
448,-0.2913650032385927,0,1718
2552,-0.29159442520862994,0,1719
1528,-0.29191888909988256,0,1720
2567,-0.29234065035218065,0,1721
899,-0.29301096496305756,0,1722
2539,-0.29333487737123115,0,1723
713,-0.293521445332507,0,1724
379,-0.2946338227429561,0,1725
2496,-0.2947529372314718,0,1726
1581,-0.2947889754545565,0,1727
303,-0.29505031505413576,0,1728
1471,-0.29513161448819,0,1729
2330,-0.29568350571775653,0,1730
2644,-0.2956936767842561,0,1731
126,-0.29590991814444634,0,1732
1714,-0.29612337589675486,0,1733
1129,-0.2961782945214595,0,1734
1178,-0.29627269940856005,0,1735
2470,-0.29633281473417666,0,1736
239,-0.2969185703549075,0,1737
541,-0.29790063524031546,0,1738
829,-0.29790247419962607,0,1739
1159,-0.29816151404487684,0,1740
427,-0.2982755395523249,0,1741
1499,-0.29861048828365966,0,1742
1138,-0.29872079137752916,0,1743
2103,-0.2988588545544913,0,1744
250,-0.2988645585612068,0,1745
1475,-0.2993804772030584,0,1746
1997,-0.29940027836097843,0,1747
1056,-0.29958950115674693,0,1748
1859,-0.29971026827529285,0,1749
1992,-0.2998464103395572,0,1750
1119,-0.3000184544681539,0,1751
868,-0.3002312850499902,0,1752
2273,-0.30047345601991005,0,1753
1116,-0.300545948950266,0,1754
951,-0.30054922036704557,0,1755
409,-0.3006547767159908,0,1756
1959,-0.3008356230012827,0,1757
939,-0.301420745415213,0,1758
2481,-0.30146297229355523,0,1759
1337,-0.30164745263930104,0,1760
896,-0.3016591890231156,0,1761
1233,-0.30174443414505164,0,1762
944,-0.30188554566760656,0,1763
1973,-0.30202606335024046,0,1764
403,-0.30205527614702776,0,1765
2460,-0.3020796357717665,0,1766
337,-0.302399806952614,0,1767
818,-0.3031877656404245,0,1768
488,-0.30388124991849697,0,1769
1488,-0.3040236002145385,0,1770
152,-0.3041086916698825,0,1771
2236,-0.3041240401601847,0,1772
1041,-0.3042272729859542,0,1773
2454,-0.3045085517769591,0,1774
1838,-0.3049254935095334,0,1775
1243,-0.3055711688225704,0,1776
592,-0.30577915996053157,0,1777
2488,-0.30601364917186097,0,1778
2338,-0.3061759584330794,0,1779
447,-0.3063910017261368,0,1780
2605,-0.3071320029230644,0,1781
2662,-0.30724176097245853,0,1782
816,-0.30786370972863075,0,1783
73,-0.30815148377949775,0,1784
83,-0.30816279755297005,0,1785
207,-0.3082034831959776,0,1786
426,-0.30823673000837404,0,1787
1154,-0.30832542313324274,0,1788
2583,-0.30846979397400665,0,1789
1683,-0.30856221923472194,0,1790
1794,-0.308567421185084,0,1791
1192,-0.3086800537031891,0,1792
1344,-0.30872042388007026,0,1793
737,-0.3090858394280707,0,1794
1936,-0.30955829710050803,0,1795
15,-0.30982909962455357,0,1796
2045,-0.3098531899385999,0,1797
1966,-0.3100722334561554,0,1798
1891,-0.31044412386950315,0,1799
183,-0.31089656610314326,0,1800
404,-0.31097811924051605,0,1801
2261,-0.31174722519263404,0,1802
1825,-0.31180287942586027,0,1803
1808,-0.3119829206513309,0,1804
1061,-0.31228645193339394,0,1805
1525,-0.3122946975697254,0,1806
1448,-0.31252527439883077,0,1807
798,-0.31282333033460846,0,1808
67,-0.3136362057427583,0,1809
819,-0.3138272368521129,0,1810
654,-0.31400299812006777,0,1811
1878,-0.31439554424892746,0,1812
1158,-0.3145256436317757,0,1813
8,-0.3145312787876902,0,1814
400,-0.31456296716550164,0,1815
2180,-0.3146826924492043,0,1816
2544,-0.31475443235308187,0,1817
2663,-0.31542995742489344,0,1818
1335,-0.315495896448415,0,1819
609,-0.31551356527334584,0,1820
36,-0.3159017935734879,0,1821
1005,-0.3160520856811522,0,1822
1040,-0.3168217000821277,0,1823
198,-0.3170406351206079,0,1824
2276,-0.31704920490980626,0,1825
1593,-0.31714172515262046,0,1826
2416,-0.31787453427107865,0,1827
1707,-0.31790846186301375,0,1828
2657,-0.3179242711808632,0,1829
923,-0.3179964713662069,0,1830
926,-0.3182737555971998,0,1831
394,-0.3184214627459404,0,1832
1668,-0.3186442687658644,0,1833
1743,-0.3187439469589408,0,1834
219,-0.31890233134463297,0,1835
1551,-0.319135375302252,0,1836
974,-0.31917076441599146,0,1837
812,-0.31920846751847637,0,1838
2167,-0.3192433772531081,1,1839
2157,-0.3196276182777279,0,1840
2029,-0.3197532534111588,0,1841
1981,-0.3199077188272295,0,1842
1540,-0.3202088797217243,0,1843
1630,-0.3204377326950145,0,1844
1144,-0.3204847361912782,0,1845
2473,-0.3205887312786963,0,1846
2303,-0.3210814392888131,0,1847
422,-0.32134699321391214,0,1848
2512,-0.32136131335754214,0,1849
2198,-0.32137125090052415,0,1850
686,-0.3216147455382632,0,1851
869,-0.3216892141462554,0,1852
2692,-0.3218452569923896,0,1853
175,-0.3218776279396017,0,1854
487,-0.3223200092039085,0,1855
360,-0.3223713473611641,0,1856
2592,-0.32288142765796307,0,1857
1007,-0.3232592419534034,0,1858
363,-0.323512144206538,0,1859
600,-0.3236112911007465,0,1860
1645,-0.3242026562480197,0,1861
1905,-0.32434035261644,0,1862
520,-0.3244033125264602,0,1863
823,-0.3247085768184946,0,1864
21,-0.324763821536424,0,1865
178,-0.32572556387218765,0,1866
1246,-0.3259757519770379,0,1867
59,-0.3264600797426619,0,1868
1456,-0.3267095176193513,0,1869
2342,-0.3270124650870347,0,1870
741,-0.3274867619007778,0,1871
2697,-0.32778959809293773,0,1872
565,-0.3279835673840899,0,1873
1538,-0.32804357198086975,0,1874
635,-0.3280664038312331,0,1875
341,-0.3287674130609074,0,1876
1112,-0.32889773567073416,0,1877
2349,-0.3289516329169678,0,1878
1465,-0.32940100614549644,0,1879
1988,-0.329603649234716,0,1880
2333,-0.3297177863715615,0,1881
1478,-0.32983333942811704,0,1882
1706,-0.3298430855516631,0,1883
2251,-0.33011898551646846,0,1884
1155,-0.3302032737701186,0,1885
797,-0.3305012036855583,0,1886
1544,-0.3305689239058819,0,1887
80,-0.3306864449288746,0,1888
2004,-0.33072575033369467,0,1889
532,-0.3311431430754388,0,1890
919,-0.33130270670872625,0,1891
1356,-0.33131881496332627,0,1892
2337,-0.33151190115824153,0,1893
2232,-0.3317705262733522,0,1894
907,-0.33211739469506424,0,1895
999,-0.33229818973090997,0,1896
1127,-0.332370523007152,0,1897
1773,-0.3336965200881079,0,1898
1792,-0.3339886093627926,0,1899
128,-0.3341883685622475,0,1900
1700,-0.33426334559054716,0,1901
969,-0.3344180980304362,0,1902
102,-0.3345676227619234,0,1903
1128,-0.334598989828561,0,1904
1844,-0.33477193955605294,0,1905
2677,-0.3353516910908129,0,1906
2564,-0.33542212761604845,0,1907
1678,-0.3354773559011512,0,1908
1353,-0.33551178052080743,0,1909
438,-0.3355412211929463,0,1910
17,-0.3355465568459761,0,1911
1208,-0.3357127767804001,0,1912
2475,-0.336249863151652,0,1913
1059,-0.3363557662097664,0,1914
1277,-0.3363754624500698,0,1915
1225,-0.33648890016162514,0,1916
1500,-0.3369383569819451,0,1917
2181,-0.33718574463426,0,1918
2254,-0.3373244404061164,0,1919
1809,-0.33747714804059387,0,1920
107,-0.3379742277092364,0,1921
1633,-0.3382034864572145,0,1922
1784,-0.3382598658522698,0,1923
1081,-0.33838621626623333,0,1924
1872,-0.3390054435516958,0,1925
1556,-0.33947066918519875,0,1926
2005,-0.34019647774173645,0,1927
576,-0.340236334701423,0,1928
1778,-0.3409355776421126,0,1929
2491,-0.3410300060764554,0,1930
251,-0.3410745959826187,0,1931
2262,-0.34113726868420663,0,1932
2246,-0.3418091253713691,0,1933
168,-0.3418147739332043,0,1934
1236,-0.34187263274926516,0,1935
496,-0.342562837106557,0,1936
2174,-0.34279160351922433,0,1937
108,-0.34323042701989626,0,1938
101,-0.34358207546382297,0,1939
1649,-0.3444082746559655,0,1940
475,-0.34444512544411426,0,1941
630,-0.34479493193380734,0,1942
1911,-0.3462539319290004,0,1943
1877,-0.34634291534134914,0,1944
2423,-0.34742362072338956,0,1945
1424,-0.3477113256479354,0,1946
1191,-0.348121167941276,0,1947
501,-0.3481382335220544,0,1948
23,-0.3482879159728918,0,1949
1738,-0.3488579986825072,0,1950
1326,-0.34902636493049893,0,1951
966,-0.34918960332896887,0,1952
613,-0.3492837864143823,0,1953
1314,-0.3492966303401587,0,1954
892,-0.3493578578332313,0,1955
2615,-0.3496898731849252,0,1956
571,-0.3498674968163565,0,1957
602,-0.350173818639952,0,1958
1454,-0.3505384590923162,0,1959
1842,-0.3507674518797302,0,1960
1378,-0.3509259331426614,0,1961
473,-0.35099628051674026,0,1962
1341,-0.35125450216453,0,1963
268,-0.35166481240985015,0,1964
2622,-0.351739520907159,0,1965
1602,-0.3517963229275619,0,1966
1850,-0.3523662796742876,0,1967
2444,-0.35251538774312513,0,1968
439,-0.3527031233777481,0,1969
2124,-0.35330171971692254,0,1970
825,-0.3533527829708607,0,1971
1949,-0.3535736340671897,0,1972
308,-0.35371663881261617,0,1973
238,-0.353923808164833,0,1974
2106,-0.35408596211762966,0,1975
2441,-0.35438306972356604,0,1976
1380,-0.3546076934531138,0,1977
127,-0.3554721813583892,0,1978
227,-0.35547676224655916,0,1979
431,-0.3560623844546657,0,1980
2390,-0.3561540438008994,0,1981
315,-0.35635897997645083,0,1982
904,-0.3569348539770835,0,1983
114,-0.35882112233018926,0,1984
1626,-0.3589059806998907,0,1985
1176,-0.35890895112139637,0,1986
2656,-0.35920846319967825,0,1987
2184,-0.3596631044723143,0,1988
2691,-0.35969741833051255,0,1989
2446,-0.35979251889612407,0,1990
214,-0.36013610135347707,0,1991
1492,-0.36025856600324185,1,1992
138,-0.36054050924494413,0,1993
1364,-0.36094828872695134,0,1994
1821,-0.36150432475903926,0,1995
1606,-0.3621092664510298,0,1996
2467,-0.3633179103119797,0,1997
1841,-0.3635668487338908,0,1998
675,-0.3635770547534898,0,1999
56,-0.36396125662954243,0,2000
995,-0.3640558806286959,0,2001
993,-0.3642339558702514,0,2002
2163,-0.36423741759077916,0,2003
940,-0.3645918288947312,0,2004
1916,-0.36466367739366057,0,2005
1047,-0.3651613471257069,0,2006
2548,-0.3654699404777753,0,2007
87,-0.36575102492886585,0,2008
1300,-0.36579317921331145,0,2009
1847,-0.36595492306771327,0,2010
2533,-0.36624008650011297,0,2011
1796,-0.3667326733116202,0,2012
2264,-0.3667997986792287,0,2013
934,-0.367196917116013,0,2014
971,-0.36722313984454746,0,2015
730,-0.36769776614113653,1,2016
1532,-0.3685408328672551,0,2017
139,-0.36918677768916475,0,2018
1275,-0.36944533858042866,1,2019
1152,-0.36953194154278696,0,2020
1412,-0.37016108463943403,0,2021
2522,-0.3716720319929383,0,2022
1018,-0.37258529441874577,0,2023
2378,-0.3727002715634499,1,2024
910,-0.3728917891957802,0,2025
1955,-0.37303059496426955,0,2026
760,-0.37327432295763335,0,2027
2651,-0.3732890454822198,0,2028
28,-0.373498391220438,0,2029
1440,-0.3735044466364243,0,2030
1028,-0.37382836545633247,0,2031
1746,-0.37419083947243736,0,2032
1835,-0.37513668377139403,0,2033
1696,-0.3755034314139661,0,2034
2085,-0.3755996151682973,0,2035
1789,-0.37563284377640566,0,2036
2269,-0.3756439132875648,0,2037
1316,-0.37594708944414834,0,2038
333,-0.37667647158999484,0,2039
1133,-0.37699799288748703,0,2040
2203,-0.37837964393387896,0,2041
2087,-0.3785027466696263,0,2042
1311,-0.37889584906401835,0,2043
2394,-0.37935094173724043,0,2044
2331,-0.3794565657323396,0,2045
933,-0.3794581063957745,0,2046
390,-0.38051464854449807,0,2047
2572,-0.3805393143387985,0,2048
1723,-0.3806522835520502,0,2049
1338,-0.3819171270666044,0,2050
1947,-0.3820001772351316,0,2051
1121,-0.3835056729746441,0,2052
123,-0.3839399835355906,0,2053
2036,-0.383979344861266,0,2054
260,-0.38437247097121596,0,2055
794,-0.3844972050246846,0,2056
2559,-0.384567979688974,0,2057
86,-0.3851924489539968,0,2058
2111,-0.3852878994137543,0,2059
945,-0.3852983499474008,0,2060
2480,-0.3854320606899539,0,2061
538,-0.38563122416730405,0,2062
1210,-0.38583445995468163,0,2063
2014,-0.3859578898879845,0,2064
1495,-0.38620019076504325,0,2065
765,-0.38672625329301935,0,2066
1961,-0.3871780963417728,0,2067
1057,-0.387192326423553,0,2068
2458,-0.3887603663547139,0,2069
1094,-0.3889276876984257,0,2070
663,-0.38911933494567147,0,2071
1051,-0.389458328086639,0,2072
1688,-0.38967724870806175,0,2073
2297,-0.3900183681940526,0,2074
575,-0.39047796842936594,0,2075
1376,-0.39089007933652226,0,2076
1587,-0.39238024641694524,0,2077
2457,-0.3926193377745235,0,2078
1193,-0.39273528299807825,0,2079
2373,-0.39389489729349325,0,2080
2346,-0.3944986469313677,0,2081
529,-0.3951181829447255,0,2082
301,-0.39512972003320673,0,2083
212,-0.3952519900631171,0,2084
558,-0.3953714637612774,0,2085
1586,-0.3955861047179507,0,2086
1932,-0.39571743459793995,0,2087
508,-0.3960053022066113,0,2088
144,-0.3961007796316079,0,2089
668,-0.39616465233243753,0,2090
1014,-0.39633699559576824,0,2091
2700,-0.39636044318492164,0,2092
393,-0.3966986141008736,0,2093
672,-0.39708007264258266,0,2094
2563,-0.3973636222554714,0,2095
1536,-0.39758538351672795,0,2096
221,-0.39803343480428555,0,2097
2275,-0.3982552146832785,0,2098
2050,-0.3985016396497831,0,2099
1404,-0.3989149049760889,0,2100
2393,-0.39898285347187723,0,2101
57,-0.3990902618520393,0,2102
1254,-0.39928012331645596,0,2103
890,-0.3997407585656013,0,2104
167,-0.3998084212729992,0,2105
1123,-0.40001336379378505,1,2106
956,-0.4004352611981091,0,2107
1407,-0.40096686015456806,0,2108
113,-0.4009921919265589,0,2109
1467,-0.4013887148860244,0,2110
509,-0.4015766693047866,0,2111
190,-0.40202376437360976,0,2112
1052,-0.402308148349978,0,2113
156,-0.40290136258004094,0,2114
2028,-0.4031438849941317,0,2115
1290,-0.4033542446826968,0,2116
777,-0.4034835610658321,0,2117
1363,-0.403755267120441,0,2118
2123,-0.4037849734824587,0,2119
1685,-0.4044323680803017,0,2120
998,-0.4046918051943805,0,2121
2073,-0.4053352438893028,0,2122
852,-0.4056459020926819,0,2123
739,-0.4058092935854083,0,2124
2067,-0.4061399389525009,0,2125
2063,-0.4062988429112865,0,2126
468,-0.4067426818985487,0,2127
1767,-0.4068644630221875,0,2128
1482,-0.40696548719834713,0,2129
2074,-0.40766036643822706,0,2130
1110,-0.4101131336526463,0,2131
1861,-0.4106703661352239,0,2132
1232,-0.41086267225647566,0,2133
534,-0.41102553194964486,0,2134
1342,-0.4111925179211552,0,2135
2362,-0.41166020985818497,0,2136
2069,-0.41174578705526965,0,2137
1571,-0.4117540647485925,0,2138
1664,-0.41211074250987806,0,2139
1391,-0.4123936910276385,0,2140
1954,-0.4125542518114969,0,2141
1320,-0.4125612618262743,0,2142
1559,-0.4134745609953666,0,2143
166,-0.41350858795326406,0,2144
458,-0.4136740708552046,0,2145
1889,-0.4140226147187854,0,2146
778,-0.4140802652399243,0,2147
1641,-0.41413739907977265,0,2148
1189,-0.4141500339583293,0,2149
978,-0.41499812979732476,0,2150
2477,-0.41562794457862406,0,2151
1566,-0.4158285374063211,0,2152
1164,-0.416088347688596,0,2153
1674,-0.4163120221072355,0,2154
55,-0.4169218641425072,0,2155
134,-0.4174754218815057,1,2156
2315,-0.41751767394906475,0,2157
2060,-0.4175594393991255,0,2158
732,-0.4181057312109869,0,2159
165,-0.4187070871243693,0,2160
749,-0.4198483331753137,0,2161
1594,-0.4200034640248389,0,2162
1212,-0.4203012675378463,0,2163
977,-0.42052208499740373,0,2164
986,-0.420935882834532,0,2165
180,-0.42136413342230367,0,2166
1962,-0.4215975545773216,0,2167
1783,-0.42259545016986677,0,2168
1244,-0.4230908493716094,0,2169
1263,-0.42349652811898875,0,2170
2256,-0.4241473110271787,0,2171
559,-0.42603652527762786,0,2172
1881,-0.42606033539249216,0,2173
2088,-0.4263002991609318,0,2174
2015,-0.42761545803773005,0,2175
348,-0.427686664225246,0,2176
549,-0.428526731013709,0,2177
1890,-0.4286183911436315,0,2178
300,-0.42889648685164955,0,2179
1027,-0.4289200237513998,0,2180
2435,-0.42906192776934304,0,2181
364,-0.4291556455392963,0,2182
1935,-0.42930490772152574,0,2183
2439,-0.42940465986590914,0,2184
110,-0.4296946584439969,0,2185
2703,-0.43003505274846776,0,2186
187,-0.4300796846729936,0,2187
1599,-0.43059190243973117,0,2188
1687,-0.43064656634462173,0,2189
786,-0.4312271713749266,0,2190
1573,-0.43195394687634486,0,2191
764,-0.43198452223700606,0,2192
2584,-0.4322114360533277,0,2193
511,-0.4324035568422371,1,2194
2626,-0.43251925126585167,0,2195
1220,-0.43373748841111587,0,2196
230,-0.4337643880499254,0,2197
1393,-0.43384400363671116,0,2198
1328,-0.43588298558890004,0,2199
1288,-0.43604479345210573,0,2200
1760,-0.4361846708415193,0,2201
1023,-0.43729074879836605,0,2202
727,-0.4373157190976497,0,2203
909,-0.437614992060426,0,2204
1749,-0.4381340522245035,0,2205
2179,-0.4385602590225146,0,2206
2089,-0.4387485973192321,0,2207
1548,-0.43918746545972387,0,2208
18,-0.4393812478141513,0,2209
259,-0.439514156995162,0,2210
1402,-0.4396602514416367,0,2211
443,-0.4399046493827787,0,2212
450,-0.44002354171253966,0,2213
715,-0.44061547424054265,0,2214
1388,-0.4412989426237516,0,2215
1632,-0.441360036096248,0,2216
418,-0.4428541598862544,0,2217
199,-0.4431612323553761,0,2218
2683,-0.44403607549546514,0,2219
754,-0.44423461079228144,0,2220
2699,-0.44503930359671734,0,2221
1095,-0.4450534637590652,0,2222
2311,-0.4454700985156736,0,2223
276,-0.4458995248245362,0,2224
1629,-0.4459549483363626,0,2225
2684,-0.4461322118256591,0,2226
2490,-0.4467029300291733,0,2227
2072,-0.4477465175190009,0,2228
2190,-0.44775510381711653,0,2229
692,-0.44776241059187977,0,2230
381,-0.44824266701369514,0,2231
2049,-0.4487846408989177,0,2232
440,-0.44886344684227114,0,2233
2332,-0.44891334589599147,0,2234
1737,-0.4490686587379328,0,2235
679,-0.4509698999968861,0,2236
1466,-0.450996005584556,0,2237
2144,-0.4516915372029125,0,2238
2620,-0.45232436240454266,0,2239
1712,-0.45275639978397125,0,2240
1786,-0.4533072314684179,0,2241
658,-0.45381701162058075,0,2242
2258,-0.4545859869779842,0,2243
2101,-0.4547310625043718,0,2244
666,-0.45490780571875505,0,2245
2033,-0.4551622507214322,0,2246
2606,-0.45631521433047506,0,2247
2551,-0.4565223185824729,0,2248
1747,-0.45657655337306824,0,2249
1886,-0.45719767793663674,0,2250
2356,-0.4576150335004495,0,2251
49,-0.45809280638977373,0,2252
949,-0.4583999921533459,0,2253
1897,-0.45893712438383505,0,2254
1940,-0.4589698334590958,0,2255
660,-0.4592329488005184,0,2256
249,-0.4595102993925552,0,2257
226,-0.4599948860994971,0,2258
2612,-0.46043721667811605,0,2259
2171,-0.4606274090622422,0,2260
2396,-0.46156184361250924,0,2261
1241,-0.46196258230890536,0,2262
676,-0.46360970171665694,0,2263
1055,-0.46423127393506414,0,2264
2086,-0.46434182637087423,0,2265
100,-0.46436070364602583,0,2266
1779,-0.46446712960824826,0,2267
646,-0.466570061518304,0,2268
1761,-0.4668372760892942,0,2269
2611,-0.4675284445316332,0,2270
1226,-0.46755060308307594,0,2271
2526,-0.4676967440995474,0,2272
2391,-0.4680746537521174,0,2273
1306,-0.46820319475327227,1,2274
1019,-0.4682349444603848,0,2275
1447,-0.4691866163111351,0,2276
2543,-0.47010997373843594,0,2277
1304,-0.4702972617183769,0,2278
1615,-0.4704420213913604,1,2279
2287,-0.4710479861781253,0,2280
2350,-0.4710653167714777,0,2281
2536,-0.47111293284392075,0,2282
103,-0.4717712807440866,0,2283
2374,-0.47224893203527696,0,2284
311,-0.4724511428710989,0,2285
2525,-0.47278393380936506,0,2286
1497,-0.47315667716643744,0,2287
582,-0.4731752158822604,0,2288
1274,-0.4735756474431523,0,2289
1287,-0.47364163205324467,0,2290
2680,-0.4736722391770686,0,2291
988,-0.47377347912147644,0,2292
98,-0.47384240335921024,0,2293
1271,-0.47412171290094146,0,2294
2026,-0.47435448664269153,0,2295
2239,-0.475505720792969,0,2296
2022,-0.47637457283523,0,2297
233,-0.4770306296946053,0,2298
2636,-0.47741556718119127,0,2299
2593,-0.4775292394702957,0,2300
2573,-0.4777820030237937,0,2301
736,-0.477801572390764,0,2302
2040,-0.47803005612450106,0,2303
1117,-0.4781845807230635,0,2304
1458,-0.4783928948058353,0,2305
901,-0.4787760825749824,0,2306
744,-0.479178432645194,0,2307
2513,-0.48023678172051143,0,2308
2628,-0.48040281575623794,0,2309
594,-0.48079478126789155,0,2310
1793,-0.48114189217425085,0,2311
2478,-0.48130819804802283,0,2312
855,-0.48157331845278084,0,2313
2200,-0.48212592417167277,0,2314
1099,-0.4823573037298267,0,2315
2252,-0.4827154586584765,0,2316
1775,-0.48281311160724677,0,2317
1739,-0.48300132528732587,0,2318
319,-0.48367672142731793,0,2319
2208,-0.48434502735455487,0,2320
1181,-0.4853765249197043,1,2321
125,-0.485621569288055,0,2322
31,-0.4869356419917113,0,2323
2102,-0.48735850110952084,0,2324
2419,-0.48738481350805724,0,2325
840,-0.4885604881069238,0,2326
2030,-0.48886561149869107,0,2327
2566,-0.48937813397805785,0,2328
1415,-0.48949018594184096,0,2329
917,-0.4897255973589604,1,2330
1302,-0.4904212124343878,0,2331
1135,-0.49055687231555567,0,2332
1596,-0.4913680572259748,0,2333
213,-0.4921695301163734,0,2334
523,-0.49225685101800876,1,2335
2285,-0.4934267497934246,0,2336
1333,-0.4950807546818737,0,2337
1987,-0.49538022686657385,0,2338
735,-0.4954675589198343,0,2339
752,-0.49575740730373113,0,2340
2392,-0.49593322160431996,0,2341
1906,-0.4960376564790544,0,2342
2625,-0.4961096008418704,0,2343
1509,-0.4967546047420609,0,2344
1731,-0.4967895199523629,0,2345
1563,-0.4967946925963966,0,2346
2379,-0.49702666887606683,0,2347
1071,-0.49712786235793216,0,2348
2316,-0.49900829976974875,0,2349
1248,-0.4997375859549711,0,2350
2448,-0.49985506883999165,0,2351
2529,-0.5000067547099113,0,2352
577,-0.5010239232973217,0,2353
793,-0.502404583936613,0,2354
1505,-0.502711391890064,0,2355
2578,-0.5028526782153249,0,2356
471,-0.503581698719108,0,2357
2595,-0.5037081335561693,0,2358
1381,-0.5040444976476092,0,2359
2017,-0.5052641015266038,0,2360
1227,-0.5073532262124262,0,2361
322,-0.5079154702230615,0,2362
1904,-0.5086871067356287,0,2363
115,-0.5087468968192033,0,2364
2587,-0.5092356881721594,0,2365
359,-0.5095333886489846,0,2366
2126,-0.5101228954336157,0,2367
499,-0.5106122964139341,0,2368
1491,-0.5110478993723137,0,2369
2449,-0.5114843331090929,0,2370
1387,-0.5115752251605481,0,2371
2389,-0.5123636115804371,0,2372
690,-0.5129884508987589,0,2373
1884,-0.5133195104601471,0,2374
131,-0.5136571947643614,0,2375
2486,-0.5148804471384039,0,2376
1003,-0.5149651871851454,0,2377
1549,-0.5153573108901022,0,2378
1084,-0.5155318173761191,0,2379
822,-0.5166729000900995,0,2380
607,-0.5180366840169712,0,2381
1165,-0.51826144871223,0,2382
392,-0.5185837184693285,1,2383
1923,-0.5189098218085604,0,2384
258,-0.5189773971726663,0,2385
1400,-0.520244128814486,0,2386
976,-0.520317790434145,0,2387
1373,-0.5205255733940326,0,2388
1250,-0.5218291078249151,0,2389
1601,-0.5219424832991244,0,2390
2632,-0.5221830459708597,0,2391
1044,-0.5227295305840206,0,2392
503,-0.5230486684877724,0,2393
1510,-0.5235302939464042,0,2394
1900,-0.5236669519955159,0,2395
1132,-0.5240912344714557,0,2396
462,-0.5241604695888525,0,2397
1173,-0.5243958909480287,0,2398
916,-0.525291646850037,0,2399
223,-0.5255818389894491,0,2400
1752,-0.5259366857061442,0,2401
1379,-0.5266798375996876,0,2402
148,-0.527486927504558,0,2403
2427,-0.5284952456813751,0,2404
288,-0.5286979444650688,0,2405
2695,-0.5298681143521171,0,2406
410,-0.5300343701944988,0,2407
2242,-0.5308395055465273,0,2408
834,-0.5309301733774741,0,2409
1485,-0.5311729315416509,0,2410
2403,-0.531383917137286,0,2411
2092,-0.5316552286216771,0,2412
674,-0.53209059477448,0,2413
2244,-0.5326805669843346,0,2414
425,-0.5327841360923922,0,2415
1063,-0.533095413826143,0,2416
2693,-0.5332003390525578,0,2417
2672,-0.5338793185739982,0,2418
918,-0.5340937216741881,0,2419
787,-0.534462727371192,0,2420
936,-0.5344944210459569,0,2421
235,-0.5345840308969885,0,2422
433,-0.5347189659604287,0,2423
174,-0.5347563778926238,0,2424
1196,-0.5349460439914137,0,2425
2336,-0.5358060692728103,0,2426
1371,-0.53580880382206,0,2427
2521,-0.5362963937159346,0,2428
1230,-0.5363788415771904,0,2429
357,-0.5375880853946005,0,2430
1317,-0.5383667999805453,0,2431
707,-0.5389370587298525,0,2432
1251,-0.5392353336124698,0,2433
232,-0.5393822640685356,0,2434
742,-0.5405034093973026,0,2435
856,-0.5412113972244813,0,2436
1963,-0.5412729853105336,0,2437
1025,-0.5416729956494368,0,2438
874,-0.542134776457922,0,2439
1543,-0.5424001223204498,0,2440
1774,-0.5426038887367292,0,2441
283,-0.5431377372087173,0,2442
832,-0.5441132372839544,1,2443
504,-0.5441266736163206,0,2444
964,-0.5480605282169211,0,2445
2064,-0.5488291986508032,0,2446
1006,-0.548902374911964,0,2447
106,-0.5498729275445081,0,2448
771,-0.5501018000568885,0,2449
2292,-0.5507653661076707,0,2450
472,-0.5512021131714525,0,2451
2418,-0.5515753965488213,0,2452
1579,-0.5520112517550216,0,2453
2523,-0.5530603910138967,0,2454
563,-0.5546137736317983,0,2455
1679,-0.5547009452714156,0,2456
1264,-0.5549990772354777,0,2457
1933,-0.5554442890957106,0,2458
1902,-0.5562708868657373,0,2459
2518,-0.5564266186021155,0,2460
78,-0.5569319433207014,0,2461
1695,-0.5572407701487658,0,2462
2608,-0.5584454689413006,0,2463
1032,-0.5588347667290119,0,2464
1069,-0.558852274934173,0,2465
2658,-0.5599095672482161,0,2466
533,-0.5605579543136613,0,2467
1595,-0.5608533326229468,0,2468
451,-0.5627918074771965,0,2469
1022,-0.563380167811558,0,2470
2538,-0.564437560917838,0,2471
2650,-0.5650392458001477,0,2472
1477,-0.5653014197323339,0,2473
2149,-0.5655408525804031,0,2474
1815,-0.565615707487579,0,2475
1887,-0.5662778660583506,0,2476
2369,-0.5701221759784619,0,2477
718,-0.5713505971650402,0,2478
1414,-0.5715076757649327,0,2479
338,-0.5717663020770869,0,2480
612,-0.5719595894459629,0,2481
537,-0.5722782009345755,0,2482
464,-0.5723427373028038,0,2483
751,-0.5724434420983117,0,2484
2599,-0.5746854691229357,0,2485
1524,-0.575223248400769,0,2486
246,-0.5755141941907145,0,2487
42,-0.5758556801110172,0,2488
670,-0.5765315877514561,0,2489
2210,-0.5775083985286541,0,2490
2352,-0.5775948101139889,0,2491
865,-0.5782026770454853,0,2492
2271,-0.5789068441752248,0,2493
1684,-0.5790534384665325,0,2494
2043,-0.5802676250971481,0,2495
738,-0.5808407752640057,0,2496
2447,-0.5810804238570662,0,2497
408,-0.5815268620601672,0,2498
2669,-0.5819205739507403,0,2499
2165,-0.582246910364084,0,2500
914,-0.5823745413646259,0,2501
243,-0.5827336540143065,0,2502
2139,-0.5841236764443369,0,2503
2158,-0.5852955720821537,0,2504
1418,-0.5855265452005272,0,2505
2380,-0.585976765197203,0,2506
1545,-0.5865809884466835,0,2507
145,-0.588224157929112,0,2508
622,-0.5884741348425324,0,2509
1299,-0.5886550799080128,0,2510
846,-0.5900139989507731,0,2511
721,-0.5903395426251273,0,2512
1780,-0.59248138238497,0,2513
2248,-0.59384277535783,0,2514
2698,-0.5947438584661473,0,2515
877,-0.5959647375364261,0,2516
2461,-0.5961613523874086,0,2517
492,-0.5961690996756438,0,2518
1953,-0.5965901822434393,0,2519
531,-0.5979884351806823,0,2520
39,-0.598208437135103,0,2521
1903,-0.5988832896268053,0,2522
1539,-0.5990124446768098,0,2523
313,-0.6007570989582738,0,2524
3,-0.6014312129881272,0,2525
2197,-0.6014615730677336,0,2526
1113,-0.6015974591537847,0,2527
184,-0.6028414199857498,0,2528
2511,-0.6028745535551251,0,2529
1680,-0.6032244825048362,0,2530
291,-0.6040306339131676,1,2531
2255,-0.6049227859947044,0,2532
1078,-0.6052316828467956,0,2533
677,-0.6061251533048873,0,2534
1646,-0.6070069414519378,0,2535
273,-0.6082086697061646,0,2536
1533,-0.6082154774081384,0,2537
2377,-0.6099121395437783,0,2538
347,-0.6107997385412697,0,2539
1253,-0.613552492801572,0,2540
1182,-0.6140412428309044,0,2541
293,-0.6160825518586741,0,2542
2633,-0.6173318851930569,0,2543
806,-0.618275932115755,0,2544
2687,-0.6199384642022497,0,2545
1206,-0.6205871186760273,0,2546
528,-0.6212379134604967,0,2547
1591,-0.6215453951575101,0,2548
1648,-0.6220219172531702,0,2549
932,-0.6223566700975905,0,2550
564,-0.6230253783494027,0,2551
648,-0.6233819911313047,0,2552
835,-0.6234744320267738,0,2553
2671,-0.6238998329459271,0,2554
880,-0.6240619105595735,0,2555
2642,-0.6255001790522446,0,2556
1383,-0.6256102142470501,0,2557
912,-0.6256888823744436,0,2558
1366,-0.6257830575323444,0,2559
1764,-0.6258433999502429,0,2560
2398,-0.6272366585548222,0,2561
2629,-0.6274324535426128,0,2562
1888,-0.6278580142533764,0,2563
2510,-0.628119849090779,0,2564
63,-0.6284709807642791,0,2565
181,-0.6300702313592764,0,2566
1946,-0.6304021739038868,0,2567
413,-0.6305686895956392,0,2568
497,-0.6313038918856713,0,2569
1698,-0.6313909061974686,0,2570
1503,-0.6319505261775821,0,2571
2646,-0.6339432148846945,0,2572
1037,-0.6354637560635167,0,2573
943,-0.6356498117755363,0,2574
1753,-0.6360045879982421,0,2575
2545,-0.6364707431961621,0,2576
1413,-0.6364747592216424,0,2577
2410,-0.6379183367576327,0,2578
726,-0.6380565969301903,0,2579
2345,-0.6381375471510721,0,2580
1520,-0.6381876693127478,0,2581
1339,-0.6423754052874934,0,2582
712,-0.643020973177375,0,2583
2675,-0.6450032173409691,0,2584
2235,-0.6457410702479832,0,2585
898,-0.6468238004579863,0,2586
589,-0.6494432644266572,0,2587
536,-0.6495915427569816,0,2588
374,-0.6512173315516531,0,2589
378,-0.6513225597020565,0,2590
758,-0.6532421345370604,0,2591
2604,-0.6539593235785404,0,2592
345,-0.6552129745896079,0,2593
346,-0.6554230994799879,0,2594
2161,-0.6559970542869378,0,2595
1934,-0.6567567965840866,0,2596
405,-0.657196076961111,0,2597
1522,-0.6579797598721908,0,2598
2220,-0.658788194970462,0,2599
1390,-0.6592320236554924,0,2600
853,-0.6603741877376857,0,2601
1771,-0.6609381614265937,0,2602
1643,-0.6613219009556348,0,2603
1030,-0.664022276306873,0,2604
796,-0.6646461912629884,0,2605
500,-0.6668702445223941,0,2606
1915,-0.6675212580218824,0,2607
1408,-0.6678856634136744,0,2608
2384,-0.6690328419413206,0,2609
1776,-0.6690513489184281,0,2610
1136,-0.6702478543019145,0,2611
24,-0.6706631465038986,0,2612
2581,-0.6710645247079551,0,2613
257,-0.6718018342456598,0,2614
965,-0.671952092691288,0,2615
1180,-0.674086759462473,0,2616
2354,-0.6740989968204435,0,2617
2617,-0.6767500805331556,0,2618
1308,-0.6773187344307364,0,2619
1928,-0.6783160907874608,0,2620
2121,-0.6832180782090084,0,2621
2504,-0.6873297433105636,0,2622
762,-0.6875197316140748,0,2623
489,-0.6887685052813006,0,2624
1396,-0.6888569191360427,0,2625
209,-0.6900722608598925,0,2626
1323,-0.6905657192703752,0,2627
1260,-0.6910802441821788,0,2628
1638,-0.6959275343073146,0,2629
959,-0.6960753603176789,0,2630
2370,-0.6972311929333163,0,2631
119,-0.698954627071829,0,2632
1607,-0.7015352076854284,0,2633
225,-0.7025810461706148,0,2634
1730,-0.7065138042717966,0,2635
803,-0.7071387727203597,0,2636
1960,-0.7073284189362355,0,2637
2527,-0.7076161519325282,0,2638
587,-0.7078074247329033,0,2639
2603,-0.709852351512272,0,2640
241,-0.7118322230554696,0,2641
1600,-0.7121641625527448,0,2642
2061,-0.7157330101870517,0,2643
1582,-0.7181301694284198,0,2644
1617,-0.7188052026762313,0,2645
270,-0.7228424067765029,0,2646
1137,-0.7231537866912128,0,2647
1398,-0.7241602434655706,0,2648
1822,-0.7247566120955006,0,2649
2241,-0.7257532464304831,0,2650
1756,-0.7271122420402935,0,2651
2635,-0.730003012218992,0,2652
1945,-0.7305652757088951,0,2653
1024,-0.7308688684506899,0,2654
1177,-0.733389156071531,0,2655
2361,-0.73499321177333,0,2656
1384,-0.7391404924683168,0,2657
368,-0.7416957768040255,0,2658
1863,-0.7434602900561434,0,2659
2397,-0.7448488641715917,1,2660
924,-0.7475257182762947,0,2661
2168,-0.74849578033965,0,2662
929,-0.7491484756298425,0,2663
1639,-0.7491597161108555,0,2664
2141,-0.7505793956440374,0,2665
1209,-0.7524808135976779,0,2666
466,-0.7542851022799252,0,2667
343,-0.7555060159596964,0,2668
2641,-0.7559984257090856,0,2669
1724,-0.757771274146545,0,2670
2682,-0.759759064395876,0,2671
1449,-0.7601677559089026,0,2672
1033,-0.7616937340831825,0,2673
2249,-0.7617325287934729,0,2674
163,-0.7619723535294336,0,2675
2678,-0.7625926487804399,0,2676
253,-0.7627122121729704,0,2677
295,-0.7700551637458607,0,2678
177,-0.7787502469984984,0,2679
585,-0.7828233627225754,0,2680
2621,-0.7830014516942673,0,2681
2147,-0.7854418731453968,0,2682
927,-0.7861266207776483,0,2683
1860,-0.7903203036718072,0,2684
47,-0.7903782596442459,0,2685
1122,-0.7916734467710836,0,2686
1280,-0.7992071424269758,0,2687
1255,-0.8097209842423742,0,2688
1179,-0.8101264066770166,0,2689
2479,-0.8111401274441963,0,2690
2549,-0.8118432010093553,0,2691
247,-0.8133755477675185,0,2692
1048,-0.8156969358734216,0,2693
1636,-0.8223680892538616,0,2694
2062,-0.8249283171547117,0,2695
2588,-0.8271171598086479,0,2696
1168,-0.8273317829728174,0,2697
358,-0.8432726660534609,0,2698
1437,-0.8525517484797592,0,2699
2674,-0.8553688944477182,0,2700
2681,-0.8589259002698648,0,2701
1257,-0.8648455451087154,0,2702
1811,-0.8652068975440939,0,2703
2591,-0.865910408925713,0,2704
53,-0.8708622272177217,0,2705
616,-0.8783567728670632,0,2706
1562,-0.8931297941875257,0,2707
2142,-0.9346362653986188,0,2708
