phase,config_id,round,patch_base_mean,patch_base_std,context_base_mean,context_base_std,round_runtime_sec
search,0,1,-0.42930834898103726,0.32422180872403455,-0.44022879361084344,0.3339650229962977,11.630389300000388
search,0,2,-0.42079146880134893,0.32701638704153285,-0.44147371745427244,0.33356474463728536,11.89975169999525
search,0,3,-0.4196602748515882,0.32695128283264824,-0.43430828946423844,0.3332820905244567,12.103555300011067
search,0,4,-0.41743097912133703,0.3320425411556482,-0.4294521004586081,0.33559308869720955,12.064159899993683
search,0,5,-0.42047070907456974,0.32732692388965834,-0.43623978474982844,0.3357768859541193,12.264794600007008
search,1,1,-0.42914883232757917,0.3241856933171202,-0.44024597856417047,0.333992240152267,11.776625300000887
search,1,2,-0.42052706543086454,0.3268135641767475,-0.4415448063004994,0.3338021640683249,11.945991700005834
search,1,3,-0.4194578658793462,0.3268140492758589,-0.4344723901786319,0.33321652721531453,11.87555070000235
search,1,4,-0.41736217113710056,0.3318510673628799,-0.4293835700991447,0.33566441453735957,12.180628799993428
search,1,5,-0.42039902269132434,0.3271131274361817,-0.43613201882925345,0.33578207153922085,12.224672199998167
search,2,1,-0.42945068495481487,0.324319519677418,-0.4403423176936331,0.33412829875974037,11.86636549999821
search,2,2,-0.42085788628089854,0.3269262841217209,-0.44171324195608447,0.33380857042919315,12.023615099999006
search,2,3,-0.41958403565172586,0.32698651264357703,-0.43449541430173166,0.3332909501887083,12.138386799997534
search,2,4,-0.41754392087461106,0.3319557414086105,-0.4295493582159975,0.3357523292806212,12.101439999998547
search,2,5,-0.42052732983333446,0.3274039506273684,-0.4362797174046265,0.3358584586403287,12.074035199999344
search,3,1,-0.45423420586250346,0.3216249867968222,-0.4665908219397238,0.3382522708694567,14.725877300006687
search,3,2,-0.4520808468110598,0.3249310953371621,-0.47444016660266886,0.33019984854117995,14.791428099997574
search,3,3,-0.4524336922605472,0.3296645180788561,-0.46871569243224437,0.33893336892752896,15.260115600001882
search,3,4,-0.45735759681181376,0.3276303189137043,-0.47409746319153007,0.33401743051515514,15.29264040000271
search,3,5,-0.4604536163143069,0.32595953897848234,-0.4736266185197151,0.3316374109766584,15.143929700003355
search,4,1,-0.4540163389254794,0.32152069558818547,-0.46646555598314193,0.33840321340864515,14.891712799988454
search,4,2,-0.4518761377817649,0.324886340089331,-0.47438479564542113,0.3302836811975746,14.910830399996485
search,4,3,-0.4523782941501506,0.329739421607428,-0.46871907190581535,0.3390142027491407,15.129763299992192
search,4,4,-0.4572909040690648,0.3277060149339054,-0.4742099939169064,0.33405540702179404,15.529687999995076
search,4,5,-0.46040600422077876,0.3258520364217253,-0.4737057262359739,0.33146739281328974,15.10920079999778
search,5,1,-0.4541235125392598,0.32157535896823375,-0.46680377878250195,0.3383903650784537,14.755056199996034
search,5,2,-0.45190477618277186,0.3248140316784884,-0.474617635044134,0.3304038642296395,14.794977300000028
search,5,3,-0.4521266746641034,0.3298023073332366,-0.4689560509942103,0.3390691686668269,15.076625100002275
search,5,4,-0.4572842535275486,0.32777454131789535,-0.47453994093904184,0.3340710725308728,15.158751700000721
search,5,5,-0.46036961453167297,0.3259456309973873,-0.4740292542737566,0.33160150522652165,15.139525299993693
final_evaluation,final,1,-0.42930834898103726,0.32422180872403455,-0.44022879361084344,0.3339650229962977,12.33810789999552
final_evaluation,final,2,-0.42079146880134893,0.32701638704153285,-0.44147371745427244,0.33356474463728536,12.416279299999587
final_evaluation,final,3,-0.4196602748515882,0.32695128283264824,-0.43430828946423844,0.3332820905244567,12.321132400000351
final_evaluation,final,4,-0.41743097912133703,0.3320425411556482,-0.4294521004586081,0.33559308869720955,12.489888399999472
final_evaluation,final,5,-0.42047070907456974,0.32732692388965834,-0.43623978474982844,0.3357768859541193,12.430315499994322
